Alpha_Node,Total_Support
A1BG,-549
CRISP3,-549
A2M,-335
AMBP,-767
APOE,-643
APP,-573
KLK3,-853
B2M,-205
CTSB,-865
ELA1,-225
HSPA5,-277
IL1B,-465
IL10,-245
LCAT,-399
LEP,-217
LRP1,17
NGFB,-623
PAEP,-331
TGFBI,-749
ADAM19,-167
ADAMTS1,-323
SMAP,-299
ATF7IP,-593
NAT1,-759
ARD1A,33
SERPINA3,-645
CMA1,-19
CTRB1,-315
CTRL,-19
CTSG,-777
ELA2,-737
ERBB2,-299
F5,-361
KLK2,-247
MST1,-579
POLA,85
DNAJC1,-655
AAMP,-293
TH1L,-357
AANAT,-513
YWHAZ,-453
ABAT,-551
ALDH5A1,-551
ABCA1,-75
APOA1,-809
SNTB2,-281
FADD,-477
ABCA2,-631
CDK5RAP2,-55
ABCB7,-551
FECH,-551
ABCF1,-483
ITGB4BP,-253
ABCA4,-645
CNGB1,-119
ABL1,-115
ABL2,-559
ATM,-21
BCR,113
C3,-827
CBL,-421
CTNND2,-487
EPHB2,-205
XRCC6,-487
GPX1,-691
GRB2,-735
HCK,-253
INPPL1,-89
JAK1,-369
MDM2,-19
NCK1,-115
NTRK1,-99
PAK2,-437
PIK3R1,-393
PLCG1,-345
PRKDC,-11
PXN,-371
RAD9A,-275
RAN,-477
RASA1,-381
RB1,-585
RFX1,-889
ROBO1,-543
ROS1,-631
SLC9A2,-217
SRC,-625
ST5,-463
TP53,-777
TP73,-749
TUB,-119
ZAP70,-159
ADAM15,-139
WASF1,-239
PSTPIP1,-717
BCAR1,-157
RIN1,-389
ABI1,-559
ABI2,-201
SORBS1,-115
MAP4K5,43
NCSTN,-575
SH3BP1,-355
EVL,-361
PAG1,-173
YT521,-161
ABP1,-433
DNM2,-335
CAT,-751
CRK,-443
ACACA,-505
BRCA1,-359
CHGB,-547
ACAT2,-445
CDX2,-375
ACCN1,-439
ACCN2,-241
ACCN3,-363
ACHE,-539
COL4A1,-409
LGTN,-267
COLQ,-267
LAMA1,-359
ACR,-377
SERPINA5,-355
ZP2,-339
ACOX1,-247
SCP2,-409
ACP1,-415
EPHA2,-125
EPHB1,55
SFMBT1,-115
FNBP1L,-667
MRPL20,-815
ACP5,-729
EGR2,-45
GPC4,21
MAPK9,227
RPA2,-279
ZBTB16,-199
TNFSF10,-189
PDCD5,-447
WDR57,-279
C2orf18,-427
ACTA1,-109
CFL1,-733
DMD,-519
DNASE1,-677
GC,-373
GSN,-67
MYL1,-649
PFN1,-83
PRKCA,-37
RAC1,-505
SMTN,-613
FSCN1,-555
TAGLN,-613
TLN1,-685
TMSB4X,-689
TRAF3,-571
PCYT1B,-649
CCT4,-565
CCT5,-153
ACTA2,-221
ACTB,-393
ACTC,-345
ACTG1,-175
CFL2,-739
EMD,-435
FLII,-415
SMAD9,-607
NCF1,-179
NRAP,-235
P2RX7,-347
PFDN1,-383
PFN2,-185
PLD1,-603
PLD2,-541
PTN,-401
RAC2,-591
SCN10A,-357
SMARCA4,-381
SPTAN1,-259
TPM1,-287
TPM2,-183
TPM3,-297
VIL2,-399
VSNL1,-511
DNCL1,-359
CPNE1,-389
DSTN,-505
XPO6,-523
CLIC4,-459
NCALD,-765
CPNE4,-389
CPNE2,-357
ACTN4,-625
ANG,-629
EPB49,-483
HSPB1,-41
LASP1,-171
MYLK,-301
PLEC1,-93
PRKCE,-453
PTK9,-409
VCL,-719
WAS,-173
WASPIP,-713
ACTR2,-633
SYNE2,-409
SYNE1,-167
BRP44L,-463
AFAP,-297
PPP1R9B,-321
SCIN,-409
STARS,-409
ANXA5,-585
MYO1A,-677
PTPRO,-653
SH3GL2,-793
ST3GAL3,-657
BCAP31,-373
PRSS23,-727
ADORA2A,-435
ATP6V1B1,-283
CAMK2G,69
COL17A1,-691
ITGB1,-243
NEB,-443
PDLIM1,-257
MAGI1,-131
SLC9A3R2,-35
USP6NL,-181
TRIM3,-785
MYOZ2,-195
LRRC7,-385
MYOZ1,-197
ACTL6A,-241
ARHGDIA,-483
EWSR1,-567
MYC,-69
POLR2A,-667
BAZ1B,-545
ACTN1,-431
CAMK2A,-515
CTNNA1,-265
FBP1,-667
GRIN2A,-343
MAGEA11,-417
PKN1,-75
PYGB,-365
TTN,41
XRCC4,-331
ZYX,-175
CSRP3,-193
CDK5R1,-145
CDK5R2,-379
MYOT,-495
GIPC1,-513
TES,-283
SSX2IP,-251
RAVER1,-3
ACTN2,-367
ACTN3,-421
DLG1,-229
DLG4,-435
GRIN2B,-177
KCNA4,-187
KCNA5,-403
SELE,-63
ADAM12,77
(null),-631
KIAA0992,-239
DISC1,-429
MYPN,-395
ACVR1,-27
ACVR1B,-503
BMP2,-587
BMP7,-685
ENG,-521
FNTA,-617
IGSF1,-605
INHBA,-773
INHBB,-753
INHBC,-789
SMAD1,-451
SMAD5,-623
GDF5,-963
ACVR2A,-209
ACVR2B,-611
SMAD4,-357
SMAD7,-383
SNX1,-315
TDGF1,-177
TGFBRAP1,-293
BMP6,-355
GDF9,-483
TGFBR3,-217
GDF8,-311
SNX2,-79
GDF11,-141
ACVRL1,-481
TGFB1,-117
TGFBR2,-235
ACY1,-601
TTC1,-247
ADA,49
ADORA1,-643
DPP4,-583
DRD1,-531
NR3C1,-623
ADAM10,45
EFNA2,-767
ADAR,-359
XPO1,-405
ADCY1,-655
ADCY2,-165
ADCY5,-635
GNAS,-675
GNAI1,-831
PRKCZ,-273
RGS2,-139
ADCY6,-255
CHRNA7,-399
ADCYAP1,-65
ADCYAP1R1,-649
SCTR,-623
SHH,-213
VIPR2,-649
ADD1,-527
ADD2,-571
CALM1,-171
ID2,-141
SPTA1,-493
SPTB,-221
HSPH1,-595
FYN,-63
ADH5,-267
CHD3,-705
ADM,-327
EDN1,-257
CFH,-385
NPPC,-715
ADMR,-137
EPB41L2,-645
GNAI2,7
GNAO1,-647
GNAZ,-257
GRM1,-615
P2RY1,-619
DRD2,-413
PARP1,69
BCL2,-713
CASP3,-657
CDKN1A,-199
CENPA,-835
CENPB,-863
MYBL2,-321
NFKB1,-579
PCNA,-733
POU2F1,-423
RELA,-419
RPS3A,-173
RXRA,-573
XRCC1,-353
BUB3,-577
PARP2,-847
PARP3,-847
RBM14,-343
ZNF423,-475
POLA2,-569
APTX,-765
PARP4,-623
MVP,-61
ADRA1B,-163
AP2M1,-569
GNA11,-777
SAG,-409
ADRA1A,-227
ADRA2A,-405
ADRB1,127
EIF2B1,-649
ADRA2B,-429
ADRA2C,-503
ARRB1,-481
ADRB2,39
ARR3,-277
GNA15,-711
GRK6,-89
KCNJ6,-613
KCNJ9,-535
OPRD1,-651
SLC9A3R1,-273
AKAP5,-521
GNA14,-827
ADRB3,-153
ADRBK1,-199
CAV1,-361
CCR4,-687
FSHR,-503
GNAQ,-395
PBP,-429
PDCL,-517
PDC,-477
PRKCB1,-135
RCV1,-635
RHO,-377
GIT2,-433
FREQ,-661
GIT1,-127
ADRBK2,-605
CXCR4,-219
AP2A1,159
BIN1,-473
AP2S1,-433
EPS15,-79
GHR,-87
HIP1,-543
RIT1,-77
SHC1,-697
DEK,-621
PICALM,-229
ENTH,-367
RAB11FIP2,-1013
SYT3,-813
TOE1,-165
AP2A2,-137
AP2B1,-439
HD,-153
AP1B1,-471
AP1G1,-199
ARF1,-195
ARF5,-373
ARF6,-185
ARRB2,-575
BUB1,-333
BUB1B,-429
CLTC,-237
SMAD2,-537
AP1M2,-277
CABIN1,-313
KIF13A,-381
MEA1,-239
MLH1,-415
TGFBR1,-97
AP1M1,-775
ATP6V1G1,-227
KIAA0408,-193
POM121,-387
LDLRAP1,-349
RIBC2,-169
76P,-163
NUP54,-285
TERF2IP,-89
FAM46C,-417
THAP1,-985
NECAP2,-71
LGP2,-239
AP1S1,-745
MAP1A,-415
AP1S2,-591
RABEP1,-489
AP1GBP1,-235
AFTIPHILIN,-229
GM632,-741
DNER,-649
AEBP1,-499
TCF3,-227
AES,-227
AR,-579
GTF2E1,-705
HMGB1,-149
SIX6,-87
RPL18A,-325
CCL7,23
SH3GL3,-493
SIX1,107
SIX3,-129
SNCAIP,37
SIX2,-111
GABARAP,-35
MED31,-521
BIT1,-425
AFP,-569
CCR5,-341
RUTBC1,-13
AGA,-347
IGF2R,-523
AGC1,-99
HAPLN1,-465
FBLN1,-523
FBLN2,-769
TNFAIP6,-727
TNR,-345
AGER,-639
S100A1,-809
S100A12,-29
S100B,149
S100P,81
ELP3,-129
AGRP,-373
MC3R,-323
MC4R,-133
MC5R,-133
GHRL,-663
JAG1,-597
MFNG,-703
MLLT4,-491
NOTCH1,-39
NOTCH2,-551
NOTCH3,-375
AGT,-153
AGTR1,-263
AGTR2,-705
MAS1,-639
MEP1A,-743
PRG2,-339
DNPEP,-213
BDKRB2,-443
JAK2,-239
RAB5A,-75
MTUS1,-17
AGTRL1,-551
APLN,-551
AGXT,-831
NR0B1,-165
SREBF1,-291
COPS2,-609
AHR,-499
ARNT,-263
ARNTL,-725
CCNT1,-503
ESR1,-601
GTF2F2,-279
HSPCA,-371
NEDD8,-629
SP1,-787
TBP,-135
NR2F1,-101
DAP3,-297
NRIP1,-31
NCOA1,-305
AIP,-555
PTGES3,-213
AHSG,-213
DCN,-551
INSR,-487
RRAS2,23
FBXO2,-753
AK1,-137
FHL2,-555
AKT1,-515
BRAF,-405
CHUK,113
MAP3K8,97
FRAP1,-317
GRB10,-233
NR4A1,-133
ILK,-239
IMPDH2,-259
IRAK1,-531
IRS1,-359
KRT10,-103
MAP3K11,-533
MLLT7,-53
MTCP1,-145
PDPK1,-511
PKN2,-271
PRKCQ,-499
PTPN1,-113
RAF1,-561
RPS6KB1,-407
MAP2K4,-443
TSC1,-273
TSC2,-443
TCL1A,-113
TNFSF11,-781
PEA15,-85
MAPK8IP1,-731
TCL1B,-209
GAB2,-85
TCL6,-259
TRIB3,-233
FTS,-369
AKT2,-667
GSK3B,-13
SLC2A4,-371
APPL,-1
ALAS2,-551
SUCLA2,-551
ALB,-571
CRYAA,-695
FCGRT,-505
LRP2,-125
ORM1,-67
PON1,-431
PRG1,-467
RBP4,-567
TCF1,-7
CUBN,-401
LUC7L2,-161
ALCAM,-295
CD6,-501
ABCD1,-515
ABCD2,-515
PEX19,-247
ABCD3,-449
ALDH2,-167
CRMP1,-557
HSPD1,-557
HSPE1,-25
UNC119,-515
C14orf1,-287
FAM45B,-513
IGSF21,-137
ALDOA,-71
ATP6V1E1,-377
GPD2,-697
XRN1,-617
ALDOB,-321
ALDOC,-273
AKR1B1,-293
ALK,-43
JAK3,-465
ZC3HC1,-755
ALOX12,-625
ITGB4,-51
KRT5,-657
LMNA,-125
ALOX5,63
ALOX5AP,-859
COTL1,-859
ALOX12B,-555
ALPP,-711
GPLD1,-273
PIGK,47
F2,-299
FN1,-9
AMFR,-329
UBE2D2,-465
UBE2G2,-595
AMH,-121
AMHR2,-639
EGFR,-679
PCSK5,-573
AMPD1,-459
MYH2,-299
AMPH,-419
DNM1,39
SYN1,-111
VTN,-391
CUTL1,-329
ITGA1,-223
ITGA3,-473
PTK2,-293
MAP4K3,-23
SNX4,-93
SYNJ1,111
RIN3,-461
AMY1A,-765
AKAP8,-125
AMY2A,-551
GP2,-551
ATP6AP1,-193
TNFSF8,-651
PTEN,-245
RNH1,-131
ANGPT1,-709
ANGPT2,-709
TEK,-151
ANK1,-485
L1CAM,-355
RHAG,-567
SLC4A3,-251
SLC4A1,-95
TIAM1,-217
OBSCN,-603
AE2,-171
ANK2,-395
NRCAM,-637
OPRS1,-253
ANK3,117
SMAD3,-899
SCN1B,-833
SLC25A4,-225
BAX,-783
SLC25A5,11
CKMT1B,-643
SLC25A6,-365
FGFR3,-25
KARS,-363
PLSCR1,-553
VIM,-511
STRN4,-323
KRTAP4-12,-637
ANXA1,-371
FPR1,-609
KRT8,55
S100A11,-909
TGM2,-269
ANXA2,123
APOH,-957
CEACAM1,-307
PHB,109
PLAT,-675
PLG,-707
S100A6,-779
S100A10,-221
LYPLA1,-883
PLA1A,-883
ANXA3,3
C2F,-513
UBR1,-437
ANXA4,-551
COL2A1,-477
COL10A1,-509
EIF4G1,-581
FDFT1,-91
ITGB5,-7
KDR,-139
SUPT4H1,-183
EED,-393
ANXA6,-481
CR2,57
CDC73,-169
ANXA7,-469
SRI,169
ANXA11,-51
ENO2,-599
HNRPH3,-137
PDCD6,-211
ANXA13,-691
NEDD4,37
APAF1,-627
BCL2L1,-251
CASP4,-379
CASP8,-417
CASP9,-617
HSPA1A,-93
CYCS,49
AVEN,-27
APOF,-7
APOA2,-495
APBA1,-139
CACNA1B,-471
HTR2C,-109
KCNJ12,-277
PSEN1,-335
STX1A,-265
STXBP1,-103
CASK,-303
CCS,-839
KIF17,-457
LIN7B,-149
CNTNAP3,-643
APBA2,-607
CLSTN1,-89
APBA2BP,-179
APBB1,-453
APLP1,-223
FASLG,-235
TFCP2,-205
HTATIP,-483
APBB2,-209
APLP2,-109
APC,-215
CDC20,-705
CTNNB1,-649
JUP,-643
MAD2L1,-303
PPP2R5A,-31
RP1,-599
SIAH1,-437
AXIN1,-33
AXIN2,-267
DLGAP1,-153
MAPRE1,-315
KIFAP3,-45
ARHGEF4,-19
APCS,-681
C1QA,-689
C4BPA,-825
CALU,-21
CRP,-767
FCGR1A,-707
FCGR2B,-317
FCGR3A,-245
FCGR3B,-117
TG,-563
AIRE,-269
CREBBP,-549
APEH,-259
KIAA0174,-467
UBE1DC1,-519
TMEM62,-531
APEX1,143
DCTN1,-71
FEN1,-103
HIF1A,-21
HMGB2,47
HNRPL,-633
MUTYH,-507
NME1,-757
POLB,-95
SET,-737
TXN,-381
UBE2I,-585
BIRC2,-57
CASP7,-659
GSPT1,-905
LTBR,-17
TRAF1,-59
TRAF2,-843
TRADD,-137
RIPK2,9
HTRA2,-727
BIRC3,89
DIABLO,-871
BIRC4,-269
MAP3K7,-565
TRAF6,-33
MAGED1,-165
MAP3K7IP1,-501
MAP3K7IP2,-487
BIRC4BP,-567
C8orf32,-137
ALS2CR2,-529
Dlc2,-261
COMMD1,-565
BIRC5,-267
CDC2,-327
CDK4,-269
INCENP,-189
CDKN2C,225
DAB1,-437
GSTM4,-315
HLA-DQA1,-123
NACA,23
NP,159
SAT,-355
STX5A,149
TCF21,-397
TK1,-203
ZNF24,-341
TSC22D1,-305
EIF2S2,-35
MPHOSPH6,31
UTP14A,-333
C1orf42,-71
PHF10,-489
PCDHA4,-155
APBB3,-489
ATP5B,-139
SCARB1,-279
CETP,-179
CFHL1,-143
HPR,-1
PCMT1,-263
APOL1,-1
TNFRSF10C,71
TOMM20,-25
RPRC1,-283
APOC1,-135
APOD,-381
C4A,-305
PLTP,-123
APOA4,-591
APOB,-483
BGN,-499
CALR,-373
CANX,-599
LDLR,-663
LIPC,-949
MTP,-341
PPIB,-495
TRA1,-637
PDIA4,-341
SEC61B,-333
APOBEC1,-541
BAG4,-199
CUGBP2,-195
APOBEC2,-383
ACF,-663
DNAJB11,-217
APOC2,-497
LPL,-257
LEPR,-421
GRINL1A,-77
CNTF,-543
MAP2,39
MAPT,-717
NEF3,5
SDC2,-751
VLDLR,-699
LRP8,-743
F12,-249
BLMH,-329
COL1A2,-515
COL4A2,-421
COL4A3,-463
COL4A5,-525
COL4A6,-647
GAPDH,-237
HADH2,-105
HADHB,17
HMOX2,-177
HSPG2,-649
IDE,-137
KNG1,-453
KNS2,-89
NID1,-569
PRSS1,-101
PRSS3,-101
SNCA,-419
TGFB2,-267
NUMB,-523
APPBP1,-455
APBA3,-105
APPBP2,-413
COL25A1,-103
EPOR,-229
IGFBP3,-347
PZP,-187
FAS,-609
BTK,-517
CASP10,-643
DAXX,-87
EEF1A1,-567
LCK,-137
PTPN13,-313
SUMO1,19
RIPK1,63
CASP8AP2,29
HIPK3,-689
FAF1,-193
FAIM2,-215
C1orf103,-657
FBF1,75
TNFSF12-TNFSF13,-681
MLL,-155
MMP7,-149
TNFRSF6B,-437
GRAP2,-263
GRAP,-421
PACSIN2,-543
FNBP1,-393
AQP1,-159
MDFI,-583
TRIP6,-177
DIPA,-507
EFEMP2,-333
KCTD17,-431
AQP3,-271
AQP5,-185
BAG1,-371
CCND1,-629
CASP1,-239
CCNE1,131
CDC25B,-437
COX5B,-177
FOXO1A,-205
FLNA,-175
GTF2F1,-243
GTF2H1,111
HDAC1,-469
FOXA1,-267
JUN,-645
NONO,-515
PPARBP,79
RAC3,-387
RNF4,-301
SRY,-177
STAT3,-503
SVIL,-347
TCF4,-209
TGFB1I1,-191
NR2C1,-505
NR2C2,-387
TSG101,-113
NCOA4,-43
NCOA3,-283
UXT,-257
NR0B2,-231
TRIM24,-193
PIAS2,-467
CRSP2,-323
RNF14,-291
NCOR1,-587
SART3,-341
RANBP9,149
GNB2L1,-371
NCOA2,-423
MYBBP1A,49
CDC37,-499
MYST2,-553
NISCH,-131
C20orf14,-283
RCHY1,57
PELP1,-193
PIAS4,-77
PAK6,-231
NSD1,-147
ABCC6,-113
ARAF,-73
ASS,-259
CSNK2B,-135
EFEMP1,-453
MAP2K1,-445
MAP2K2,-577
RRAS,13
COPS3,-397
TIMM44,-619
PBK,-41
KLHL12,-493
ARCN1,-415
COPA,-499
COPB,-381
COPB2,-511
COPG,-411
COPG2,-269
TRIM23,-585
GEM,-169
SF1,-203
PSCD2,-565
PSCD1,-301
GGA2,-529
ZNF581,-229
ZNF250,-157
MGC11271,-407
FLAD1,-195
LNX,-53
AREG,-51
CCND3,-613
MMP9,-685
CHRM3,-313
EEF1G,-317
MDM4,171
RALA,-493
PIP5K1A,-129
DDEF2,-329
AP3D1,-557
AP4M1,-657
PRKCABP,-579
KDELR1,-547
COPE,-691
GGA3,-521
AP4E1,-599
ARFIP2,-475
ARFIP1,-577
WBP11,-587
ARFGAP1,-691
C4orf14,-387
PLEKHA8,-597
ARF3,-195
KIF23,-77
ARF4,-93
ARF4L,-177
EPRS,-555
DNAJA1,-239
PGAM1,-469
PRKCSH,-479
SNRPN,83
TLE1,-791
NDRG1,-669
MAPK8IP3,-469
ARL6IP,-529
EML4,-727
C20orf30,-527
MGC40499,-647
SEC10L1,-537
PIP5K1C,-145
ARG1,-465
ARG2,-221
NOS1,-299
RHOA,-539
ARHGAP1,-331
ARHGDIB,-451
ARHGDIG,-367
DGKQ,-79
ITPR1,85
KCNA2,-253
KTN1,-295
MCF2,-383
PPP1R12A,-233
OPHN1,-475
PDE6D,-631
RAP1GDS1,-527
ROCK1,-15
RTKN,-73
TRIO,-537
VAV2,103
CNTNAP1,-225
ARHGEF2,-425
PITPNM1,-371
ARHGEF11,-319
CNKSR1,-225
VAV3,95
RABAC1,-581
AKAP13,-99
DAAM1,-213
MCF2L,-583
ARHGEF12,-101
ICMT,-9
DEF6,-335
GMIP,-79
SRGAP1,-585
RHOB,15
RHPN2,-565
RHOC,-457
RND3,-987
UBXD5,-15
RHOG,-329
DOCK1,-323
IQGAP2,-395
BNIP2,-267
CDC42,-315
ARHGAP4,-689
MAP3K1,25
NRAS,-51
ARHGAP5,-315
ITGA5,81
SMURF2,-33
CDKN1B,57
PAK1,-201
RDX,-233
ST3GAL4,-261
NEDD4L,-157
RHOH,-263
VAV1,-671
PSMA2,-233
GDI1,-319
KCNH2,-425
ARL1,3
GOLGA1,-809
GOLGA4,-713
PHOX2A,-269
CREBL1,-795
PRKACA,69
HAND2,-533
ARL2,-207
ARL3,57
RP2,-811
TUBA3,-293
EPAS1,151
PML,-401
SIM1,-531
SIM2,-531
HEY1,85
HEY2,-211
AHRR,-531
CRY1,9
CSNK1E,-111
CLOCK,-5
CAPNS1,-433
CSNK2A1,-409
DVL2,-197
MAP2K7,-409
RNASE6,-241
AP3B1,-439
GNMT,-519
ZNF496,-187
RCOR2,-241
CCR2,-365
CSK,-139
DVL1,-371
FGR,-223
IL8RB,-69
NFKBIA,-77
NSF,-511
PDE4D,-193
PTHLH,-545
PTHR1,-391
RALGDS,-359
TRHR,-205
ZNF297B,-95
AVPR2,-225
MAP3K5,-53
NTS,-275
NTSR1,-609
OXTR,-33
MAPK10,11
SMARCC2,-271
TRH,-63
STC2,-71
MED8,-471
NDUFS7,-113
ARSE,-599
NDN,-23
TNK2,-75
COQ6,-679
ARSF,-857
SNRP70,47
ART1,-23
PDGFB,-551
ARVCF,-565
CDH1,-155
CDH2,-243
CDH15,-27
ERBB2IP,-157
ASAH1,-369
SETDB1,-435
ASCL1,-471
MEF2A,-221
ASCL2,-495
CALM2,-271
CALM3,-303
ASGR1,-519
ASGR2,-225
DHFR,-263
LASS2,-187
ASIP,-615
MC1R,-133
MC2R,-133
ASL,-867
QARS,145
ASNS,-573
ASPH,-193
TRDN,-671
ELN,-193
ASCC2,-303
SERPINC1,35
ATBF1,-43
KIAA0980,-569
FNBP3,-461
ATF1,-335
BACH1,-505
CREB1,-223
CREM,-287
CSNK2A2,-459
GABPA,-63
NFIL3,-491
SPI1,-291
TCF2,-451
EDF1,-287
ATF3,163
ATF4,-399
CEBPG,-707
ATF2,-153
DDIT3,-273
JUNB,-251
JUND,-447
CREB5,-151
ATF7,-379
SNFT,-141
CDCA1,-889
CEBPA,-141
CEBPB,-357
CEBPD,-423
CEBPE,-115
DAPK3,-703
FOS,-297
FOSB,-203
GPS2,89
HLF,-111
MAF,-347
NFE2L1,-125
NFE2L2,-313
POLR2C,-67
TTR,-75
GPR51,-55
BATF,-155
TREX2,-223
LDOC1,-107
HSU79303,45
FLJ20758,-357
ZF,-83
H2AFX,-89
HINT1,-801
PEX5,-821
RAD17,-557
RENT1,-213
TERF1,-485
CHEK2,-365
RERE,-429
ATN1,-307
ATOX1,-633
ATP7A,-219
ATP7B,-269
ATP1A1,-631
EZH2,29
FXYD1,-651
MAPK3,-191
FXYD7,-239
ATP1B1,-237
ATP1B2,-151
NGB,-627
ATP2A1,-533
PLN,69
SLN,-483
IRS2,-89
ATP2A2,35
ATP2B2,-315
DLG2,-269
PDZK11,-439
ATP2B4,-213
DLG3,-517
ATP4B,-269
ATP5A1,-221
ATPAF2,-639
ALDH7A1,-531
RECQL5,-349
PSME3,-661
ATP5C1,-231
CA12,-411
ITIH2,-497
MPP1,-341
NDUFB3,-497
PAWR,-527
DPP3,-241
CCT7,-213
NGEF,-415
CHMP2B,-43
ZNF337,-47
PCQAP,-261
GDPD2,-499
LOC56902,-107
PJA1,-641
ELOF1,-497
ATP5G3,-189
BAT5,-513
ATP6V0C,-161
MARK3,-539
ATP6V1G2,-321
SOS1,-125
ATP6V1H,-421
HBA1,-543
CP,-595
ATR,-379
CHD4,-39
MSH2,-205
TREX1,-363
CLSPN,-527
ATRX,-71
PTPN4,-255
KIAA1128,-597
KIAA1377,-365
KIF1A,-615
AUP1,-513
ITGA2,-811
ITGA2B,-23
ITGAM,-257
ITGAV,-241
RNF11,-369
AVP,-163
AVPR1A,-547
AVPR1B,-283
GRK5,-453
AXL,-51
GAS6,-743
PIK3R2,-69
AZGP1,-385
CD1A,-583
CD1B,-583
CD1D,-251
CD1E,-583
CD8A,-699
HFE,-683
HLA-A,-675
HLA-B,-441
HLA-C,-623
HLA-E,-755
HLA-G,-611
BAT3,-243
LILRB1,-491
BAAT,-449
SLC7A11,-357
MAFG,-253
MAFK,-119
MAFB,-237
BAD,-319
BCL2A1,31
BCL2L2,-569
SFN,-653
MCL1,-453
TEGT,-297
YWHAB,-389
YWHAE,-533
YWHAH,-441
BCL2L10,77
YWHAQ,-413
PIM2,-467
HBEGF,-397
HSPA8,-399
MET,-55
PDGFRB,-199
RARA,-555
ST13,-285
VDR,-283
STUB1,-463
PPP1R15A,-355
BAI1,-185
BAIAP3,-575
BAIAP2,-673
MAGI3,-617
BAI2,-265
SHANK2,-275
SHANK1,-89
LRP2BP,-341
STARD13,-229
BAK1,29
VDAC2,-807
BARD1,-119
BCL3,-93
CSTF1,-613
RBBP8,-735
UBE2D3,-423
UBE2L3,-601
VDAC1,-591
SH3GLB1,51
MOAP1,-233
BBS2,67
BBS4,-127
PCM1,-507
BCAT1,1
BCHE,-479
BCKDHA,-549
BCKDHB,-549
CDK6,-565
CDKN2D,-441
KLF6,39
EP300,-175
IFI27,-445
ORC4L,-305
RBL1,-329
RFC1,-217
TAF1,-253
THRA,-313
CUL3,49
PCAF,-647
RBX1,-99
DMTF1,-77
CCNDBP1,-185
HERC5,-429
MCM10,-35
BID,-487
BIK,-511
BLK,-357
BNIP1,-459
BNIP3,-387
BNIP3L,-215
CDK2,-403
HRAS,-87
KRAS,-607
PIN1,-195
PPP2CA,275
PPP3CA,-219
MAPK1,-169
RHEB,143
SMN1,77
SOD1,-21
TP53BP2,45
BECN1,-235
HRK,-455
PKMYT1,-479
ITM2B,-19
BAG3,-329
BCLAF1,-39
BCL2L11,-291
FKBP8,-449
RTN4,-423
P53AIP1,-19
BCL2L14,-453
SPIN1,-453
BMF,-83
BOK,-881
PSEN2,-467
RTN1,-923
CFLAR,137
ZNFN1A3,-499
BCL2L12,-573
ANTXR1,-301
GTF2A1,-701
GTF2B,-391
NFKB2,-477
RAB9A,-671
COPS5,-117
N4BP2,-435
BCL6,-581
IRF4,113
PPARD,-133
NCOR2,-725
HDAC9,-667
HDAC4,-707
HDAC5,-401
SIN3A,-407
ZBTB7A,-99
HDAC7A,-495
BCOR,-303
BCL9,-259
PYGO1,-251
PYGO2,-513
TNFRSF17,-11
TNFSF13B,-869
HCN2,-549
HCN1,-549
ERCC3,-11
FES,-419
PTPN6,-261
PTPN11,-411
NCK2,-507
BCS1L,-339
DDX24,-409
NOS3,-425
BDNF,-235
NCAM1,-885
NTF3,9
NTF5,-635
NTRK2,-365
BF,-299
C4B,-305
PFC,165
BFSP1,-217
BFSP2,-499
BGLAP,-549
GGCX,-549
COL1A1,-475
MFAP2,-143
SGCA,-15
TNF,-487
CEACAM8,-429
CEACAM6,-429
BICD1,-645
RAB6A,-19
DCTN2,-249
CAPN1,-611
CASP2,-633
PRDM1,-315
TLE2,-133
FCGR2A,-15
PLCG2,-229
UBE3A,175
SH2BP1,-175
BCAS2,-259
BLM,109
MX1,-673
RAD51,-3
RAD51L3,-753
RPA1,-621
TERF2,-519
TOP3A,-771
WRN,-5
SMC1L1,-503
RPL11,-249
RPL29,-107
KBTBD7,-665
BLR1,-413
CXCL13,-365
PCGF4,-291
E2F6,-771
PHC2,-789
RING1,-131
IMMT,-353
BMP1,-315
LAMA3,-57
LAMB3,-391
LAMC2,-219
YLPM1,-633
TWSG1,-537
BMPR1A,23
BMPR1B,-197
BMPR2,-157
MGP,-111
NOG,-171
BMP3,-545
BMP4,-791
BMP8B,73
ZFYVE9,-73
STAP2,-667
BMP5,-709
FST,-25
HOXC8,-395
LIMK1,-411
GDF6,-107
BMX,-339
STAT1,-621
STAT5A,-323
PTPN21,-141
RUFY1,-479
NCBP1,-845
FGFR1,63
CREB3,-369
CD47,-403
TMEM11,-395
STEAP3,-385
DOK5,-169
RINT-1,-565
DST,-129
PRKD2,-327
BPGM,-623
BRCA2,-263
CCNA2,-139
CCNB1,-285
CDS1,-489
CTBP1,-655
CTBP2,-605
DHX9,-539
E2F1,-405
E2F4,-147
ELK1,-341
FANCA,-607
FANCD2,-535
HDAC2,-251
KPNA1,-287
MAP3K3,-509
NFYA,-259
POLR2K,-489
RBBP4,-219
RBBP7,-377
TUBG1,-343
USF2,-609
VCP,-623
BAP1,-489
BRAP,-581
LMO4,-297
CCNA1,-683
NMI,-673
RAD50,-529
COBRA1,-285
ZNF350,-383
BRIP1,-489
MRAS,-209
FANCG,-433
SHFM1,-591
HMG20B,-141
C11orf30,-573
ZFP36L1,-427
MAPK14,-371
PAFAH1B2,-355
BSG,-217
MMP1,-581
SLC16A1,-659
SLC16A3,-659
PDLIM7,-581
BST1,-409
BTC,-93
ERBB4,109
KLF9,149
PGR,-871
KLF5,-259
GTF2E2,-371
BTF3,-645
BTG1,-773
CNOT8,-19
ARID3A,-269
GNA12,-437
GTF2I,-297
LYN,-141
PRKD1,-351
WASF2,-13
KHDRBS1,-409
IBTK,-313
BLNK,57
BTN1A1,-551
XDH,-551
ARIH2,1
AP4B1,-379
CDC27,-243
CENPE,-329
MAP3K4,-393
SNCG,-685
CDC16,45
BYSL,-679
TRIM37,-257
TRO,-171
TROAP,-171
C1QBP,-135
GAB1,-65
HNRPD,-645
MMP14,-915
PRKCD,-223
SFRS1,-519
BAT2,-287
EXOSC6,-775
SERPING1,-447
C1R,-191
C1S,-175
MASP1,107
SELP,-7
MASP2,-171
C1QB,55
C1QG,-147
CR1,-437
HRG,-25
PTX3,-149
C1QR1,-461
DEFA1,-373
C2,-507
C5,25
PSMA4,121
C3AR1,141
CPN1,139
IF,149
ITGAX,29
MCP,-43
PAPPA,171
OLFM4,139
CFHL4,139
CFHL3,139
CFHL5,139
CST3,107
PROS1,-507
C5R1,-579
C6,-627
C7,-141
C8B,-435
RPS19,-141
CLU,-253
C8A,-537
C9,-539
CD59,-73
FMNL1,-73
PTTG1IP,-781
PTTG1,19
CA2,-457
SLC9A1,-231
SLC4A4,-151
SLC4A8,-379
FLJ10415,-799
PTCHD2,-563
CA4,-847
CA6,-257
CA8,-697
LRCH4,-197
CA9,-243
LGALS7,-315
MRPL9,-315
C15orf29,-107
CACNA1A,-555
CACNB4,-3
SYT1,-361
PDLIM5,-317
CACNA1C,-405
PCBD1,-651
RYR2,-277
CACNA1D,-259
FGFR2,-453
CACNA1E,-591
EFHC1,-229
CACNA1S,-895
RYR1,-79
RIMS2,-45
DDR1,-109
COL3A1,-415
COL5A2,-229
COL11A1,-613
TM4SF1,-253
FRS2,109
SNAPAP,-223
TBL3,-107
SLC25A20,-355
C16orf34,-411
CALB1,-743
IMPA1,-83
CALB2,-481
KRT1,-283
TUBA1,-289
CALCA,-673
CALCR,-15
RAMP1,-795
MBL2,-489
RAMP3,-615
CALD1,135
LYST,-315
CNN1,-215
ESR2,-227
GAP43,-251
GRK4,-181
GRM5,-451
GRM7,-543
KCNN2,-549
KCNQ2,-599
KCNQ3,-495
MYF5,-585
MYF6,-469
MYO9B,-603
MYOD1,-429
MYOG,-101
NEUROD1,-337
OPRM1,-571
PDE1A,-549
PHKG1,-549
PPEF2,-495
PPEF1,-495
RAB3B,-573
RALB,-445
GRK1,-503
SNTA1,83
TRPV1,-557
MARCKS,-757
MYO6,-529
PCNT2,-407
KIAA1683,-359
PPYR1,-669
CALML3,-207
MYO10,-713
F8,-677
FBN1,-231
FGB,-443
PDIA3,-83
PRF1,-173
SLC2A1,-119
SLC6A4,-171
TF,-309
THBS1,-441
TITF1,-363
TSHR,-345
VWF,-169
SCARF1,-345
PDIA2,-527
CAMK4,-431
CAMKK2,-355
ITPKA,-243
DAPK2,-243
CAMK2D,-549
RPS18,-549
RRAD,-435
CABP2,-841
CAMLG,-275
TNFRSF13B,-59
CAMP,-89
FPRL1,-707
LBP,-647
PRTN3,-371
CD3D,-77
CFTR,43
ABCC2,-129
GRIA1,-435
HTR3A,-581
ITGA6,-135
CD82,-183
LCT,-579
LPA,-517
PMP22,-297
TRA@,-487
MBTPS1,-57
EDEM1,-67
TU3A,-197
CAPG,-549
BRRN1,-549
CAST,-259
INPP4A,-215
CAPN2,-577
GAS2,-113
TNS1,-203
CAPN3,83
FLNC,-231
EFCBP2,-551
GNB2,-283
IL2RG,-47
DRG1,125
RAB1A,-547
ATP5J2,-145
C7orf20,-387
LRRCC1,-129
CAPZA1,-653
CD2AP,-71
SH3KBP1,165
CAPZA2,-421
CAPZB,-105
BCCIP,-439
CARS,-483
ATXN3,-173
CARD4,-413
CASP14,19
PYCARD,-135
CARD12,-629
GOLGA3,-53
CRADD,-317
NOL3,-487
NALP1,-135
PACAP,-53
LRDD,37
DCC,-627
DFFA,-205
EIF4B,-453
HCLS1,-403
KRT18,-217
LMNB1,-275
NDUFS1,-131
NEO1,-131
SREBF2,-253
SRP72,-263
PARG,-135
VDP,-297
DEDD,-285
SLK,-135
CSEN,-125
GORASP1,-235
BIRC7,-227
SERPINB9,-61
CASP5,-225
PPHLN1,-601
CASP6,-457
TNFRSF1A,-97
RNF7,-495
IKBKB,-5
TNFRSF10B,-317
TNFRSF10A,-329
MAP3K14,97
MAP4K4,-395
NR1H4,-5
ESRRBL1,-133
DEDD2,-565
GZMB,-437
BIRC1,195
BIRC6,-171
RYBP,-141
CASQ2,-193
CASR,-501
CAV2,-527
EDG1,-745
EDNRB,-475
FLOT2,-483
GJA1,-393
GJA3,-625
GJB2,-411
NGFR,149
NOS2A,-467
PDGFRA,-603
PPP1CA,-307
PRNP,-145
PTGS2,87
PTPRF,-187
TNFRSF1B,91
AKAP1,-717
NEU3,-177
GOLGB1,-119
CAV3,-67
DAG1,89
PFKM,-529
SLC8A1,-637
DYSF,-637
RUNX2,51
ETS1,-449
MSX2,-505
HDAC3,-431
HDAC6,-511
YAP1,-739
MYST4,-973
RUNX1,-87
CBFA2T3,-245
CBFB,-499
ELF4,-647
PAX5,-503
SUV39H1,-321
CBFA2T2,-73
WWTR1,-653
RUNX1T1,-759
GFI1,-157
KPNB1,85
TCF12,-127
ABI3,-517
TAF9L,149
HDAC8,77
KIAA0470L,-511
PRKAR2A,-171
RUNX3,-189
CD5,-173
CD19,-481
CRKL,-85
CSF1R,-199
EPHB6,-141
PTK2B,-81
ITK,27
LCP2,-427
LTK,25
MYO1C,-415
MYO1E,-415
SLA,-479
SYK,-187
TYK2,-333
UBE2G1,-561
FLOT1,-271
SPRY2,119
PTPN22,-11
OSTF1,-517
SLA2,-479
CBLB,-141
FLT3,-5
SORBS3,-549
GORASP2,45
SERPINH1,-7
CD9,-381
UBTF,-543
KLF13,-367
CBR1,-633
ERCC8,-217
CBR3,-705
RAB35,-437
CBS,-713
FXR2,-97
C6orf55,-423
C17orf28,-355
CCK,-549
CCKAR,-549
KRIT1,-321
RAP1A,-203
ITGB1BP1,-683
CDC6,-525
CDC25C,-27
CDK3,-691
PTMA,-259
RBL2,-287
SKP1A,-401
SKP2,-619
HIRA,-693
ITGB3BP,159
CCNF,-339
CDC25A,-403
MAP4,-199
GADD45B,-399
RAGE,-171
GADD45G,-425
RALBP1,51
FZR1,-319
CCNC,-175
CCND2,-773
CDK5,-101
CDC2L1,-155
CRABP2,-141
EIF3S12,-323
DTNBP1,-267
MAF1,-181
REL,-331
SMARCC1,-107
COIL,-605
FBXW7,-185
CCNG1,5
CDKN2A,-655
GAK,-311
PPP2R4,-729
CCNG2,-835
CCNH,-887
MCM7,-669
PSMA1,-175
FUBP1,-169
MTA1,433
SSSCA1,-471
GTF2H5,-707
GRN,-417
PURA,-305
HEXIM1,-327
AFF4,85
HTATSF1,135
CCNT2,-327
CD74,-509
PTPRC,-33
CD2,-263
CD3Z,-185
CD4,-551
CD48,-403
CD53,-383
CD58,-475
LGALS1,-93
MXD1,-321
CD2BP2,-399
CD8B1,-81
CD3E,-349
CD79B,-353
TOP2B,171
CD3EAP,-423
CD3G,-425
TRD@,-425
CD28,-231
DOCK2,-327
LY6E,-397
STAT5B,-171
TFRC,-5
NCR1,-525
LNK,-261
TRAT1,-571
TIRAP,-507
NCR3,-501
CD38,-539
CD44,-267
CTSD,-727
HLA-DPA1,-255
HLA-DQA2,-243
HLA-DQB1,-243
IL2RA,-53
IL16,-447
PIK4CA,-331
PIP,-255
CXCL12,-639
SELL,-125
SLC3A2,-433
BTRC,-481
LAT,-185
SPG21,-85
CD72,1
TCTE1L,-311
CD7,-547
SECTM1,-259
CD36,19
CD63,-597
CD81,-465
ADAM2,-365
KIT,-219
PTGFRN,-285
TSPAN4,-595
IGSF8,-125
CD14,-379
DAF,-689
ITGB2,-357
LGALS3BP,-361
LTF,-945
TLR2,-155
TLR4,-225
CD22,-205
CD79A,-533
MS4A1,-667
CD40,9
MS4A3,-363
CDKN3,-373
HP,-539
CD24,-599
TNFRSF7,-9
TRAF5,-617
CD80,-621
CD86,-621
IL12A,-565
B7,-581
DUSP14,-583
CTLA4,-279
TNFRSF8,-29
TRIP,9
TTRAP,-107
CD33,-483
CD34,-693
ITGB3,-317
MATK,-187
YES1,-127
PDZK1,-243
SCARB2,-277
AP3S1,-441
PECAM1,-243
CD40LG,-821
XRCC5,-209
NSMAF,-597
TRAF3IP2,-31
IGHG1,157
CSPG2,-511
DMP1,-455
FGF2,-533
NF2,-101
SPP1,-165
COL14A1,-121
MADCAM1,-37
ARHGEF1,-747
EPB42,-521
P2RY2,-317
PTPNS1,-193
EEF1D,-143
GNAI3,-517
BXDC2,-303
GGT1,-363
IL2,-337
IL4,-189
HERPUD1,-311
SLC6A8,-535
HLA-DMB,-571
HLA-DRA,-525
SEMA4D,-687
HLA-DMA,-635
MIF,-385
FCAR,-689
IGHM,-235
IGJ,-427
PIGR,-759
ITGA4,-211
DLG5,-167
ZNHIT4,-205
CD97,-103
CD151,-515
CKS1B,-383
CKS2,53
DAB2,-145
GADD45A,-519
ERCC2,29
FANCC,-463
CHAF1B,-307
LATS1,-459
CCNB2,-521
USP16,-527
SPAG5,-333
LZTS1,-527
CNOT7,-275
C9orf74,-609
CCNL2,-323
CDC2L2,-469
B4GALT1,-307
SFRS7,-41
SKIV2L,-503
RNPS1,-513
CCNL1,-127
CDC5L,-409
MCM3,-529
MCM4,-241
MCM5,19
ORC1L,-201
ORC2L,-649
ORC5L,-217
PLRG1,-377
PPP1R8,-261
TTF2,-257
CDT1,39
7-Sep,-315
CDC42EP2,-501
9-Sep,-535
ANLN,-499
MCM2,-459
PPP2R3A,-451
ORC6L,-151
ORC3L,-487
AKAP8L,-419
PPP2R3B,-497
STK6,157
FBXO5,-261
CHEK1,19
PIM1,-647
MELK,-279
PLK3,63
PLK1,-601
HOXC10,-559
PPP5C,-569
SKIL,-395
ANAPC5,-655
CDC34,-383
ATF5,-305
CSPG4,-273
FGD1,-777
MAP3K10,-491
MYO9A,-583
NCF2,-551
ITSN1,-97
IQGAP1,-167
WASL,11
TRIP10,-187
ACTR3,-643
PAK4,-481
CDC42EP3,-501
CDC42EP1,-27
DOCK9,-591
PARD6A,-483
ERRFI1,-47
PARD3,-587
PAK7,-603
RHOJ,-577
DOCK8,-513
TBC1D3,-617
PARD6G,-593
CSE1L,-463
CTNND1,-425
PKD1,-63
PTPN14,-129
GNA13,-255
RAB8B,-77
VEZATIN,-365
CBLL1,-657
CDH4,-625
CDH11,-271
GRIK2,-99
CDH3,-231
CDH5,-217
DSP,-275
FGA,-651
P2RX4,-483
PTPRB,-173
PKP4,-485
P2RXL1,-483
SMG1,-199
CDH6,-505
CDH10,-229
CDH18,-239
CDH19,-239
CDH8,-251
COPS6,-409
CDH12,-555
GSTM2,-303
PRKCH,-327
CDK2AP1,-563
CCNE2,-589
CCNB3,-327
E2F2,-33
E2F3,-263
CDKN2B,129
PSMD10,89
RFC4,-275
CDC7,-521
MGC3731,-143
NES,-647
PPM1B,-159
CDK7,-143
CDK8,-871
POLD2,-377
PSMA3,-705
CDC45L,-429
SLC25A11,-503
TTLL5,-499
ITGB1BP3,-829
GMNN,-399
C1orf123,-499
TEX11,-409
HDAC11,-427
CCDC5,-323
UCHL1,-757
NUP50,-629
CDKN1C,-109
E4F1,261
PSMC3,-245
YY1,-335
CARF,5
ZBTB17,-663
IKBKAP,-647
ARPC3,-117
MDS025,-249
NHP2L1,-107
DRAP1,-497
DKFZP564O0523,-291
TBC1D17,-321
CDR2,-709
PAX6,-535
CLGN,-517
CEACAM5,-213
HNRPM,-479
NCOA6,37
DBP,-133
EGR1,15
HMGA1,-221
HNRPK,-481
HSF1,-467
MYB,-351
CCL3,-253
SMARCB1,57
SRF,-369
STAT6,-391
NOLC1,-299
CRSP3,-695
TRIM28,-391
FOSL2,-207
MLLT6,-411
TEF,-591
FOSL1,-383
CREB3L3,-485
CREB3L1,-477
CREB3L4,-433
DIAPH1,3
DIAPH2,125
CENPC1,-655
CENPF,-367
TOP3B,-301
CES1,-549
GUSB,-549
CETN2,-607
RAD23B,-373
XPC,-321
SFI1,-193
CETN3,-287
TPI1,-169
CAP1,37
MYCBP,-53
SSH1,-53
SSH3,-53
SSH2,-53
PRKAA1,-411
SNAP23,-599
SLC4A7,-727
GOPC,-215
DNAJC5,-751
CGA,-359
CGB,-611
FSHB,-311
LHB,-429
LHCGR,-495
PTPN12,-153
TSHB,-355
CGB5,-337
CGB7,-337
CHAD,-259
RCBTB2,-691
COPS4,-159
RCC1,-293
CHKA,-513
CSNK1A1,-631
KPNA3,-473
RANBP1,-305
HIST2H2AA,-513
HIST2H2BE,-435
RANBP3,-277
CHD1,-257
SAFB,-11
SFRS3,-95
SSRP1,-261
CPE,-245
CSTF2,-371
CTTN,57
IK,21
MAN2A2,-335
PSME1,-21
PTPRS,-227
SATB1,-121
SUMO2,-303
TSPAN6,-187
BHLHB2,-21
TNFRSF14,-89
FBP2,-267
UBE1C,-373
ACTR1B,-267
SERF2,-55
TXNDC9,-43
ZNFN1A1,-133
PAICS,-607
IVNS1ABP,-255
SDCCAG3,-309
SIAHBP1,-243
HABP4,-299
SERBP1,-271
SLC27A6,-271
SIRT6,-269
ARS2,-219
KIF15,-239
C7orf36,-205
C2orf17,-467
NIF3L1BP1,-285
C4orf17,-287
ATPIF1,-267
ZNFN1A4,-729
CHES1,-197
EXOSC8,-557
CHGA,-71
SCG3,-667
OGG1,-657
POLD1,-105
POLR2E,13
RXRG,-149
S100A8,-83
ATXN2,19
TAZ,19
TUBB2,-233
GCS1,19
SAFB2,-489
MGLL,19
PTK9L,19
FLJ23185,19
FLJ22471,19
DKFZp761P0423,-483
CHM,-289
RAB3A,-599
RAB3D,-495
RAB1B,77
CHML,-215
CHN1,-381
GTF3C1,-149
CHN2,-283
CHRM1,-779
CHRM2,-177
ESRRA,115
DGCR14,-471
HGS,-539
MED12,-471
NCDN,-521
MRPL17,-471
CHRNA1,-797
CHRND,-3
CHRNE,53
CHRNG,53
ITGA7,-159
CHRNA2,-91
CHRNB2,-677
CHRNB4,-599
CHRNA3,-91
CHRNA4,-181
CHRNA5,-91
CHRNB1,-367
FOXO3A,-153
NFKBIB,-303
TNFAIP3,-125
BCL10,-79
UBE2E3,-1053
TRPC4AP,57
NALP4,-941
CIDEA,-641
CKB,-563
CKM,-225
ASB9,-207
C13orf21,-171
CIRBP,-99
HRMT1L2,-33
RBMX,-725
CISH,-435
IL2RB,-205
IL3RA,-351
PRLR,-221
MAP2K1IP1,-587
CKAP1,-531
CKMT2,-103
OLFML3,-225
QP-C,-609
TSC22D4,-427
LAMP1,-143
LY9,-189
FURIN,-763
TBC1D5,-407
RPIP8,-317
RTDR1,-129
MED4,-429
EHD2,-31
ZBTB8,-353
DPPA2,-629
AP1G2,-145
AP3B2,-403
AP3S2,-239
CLCA1,-583
KCNMB1,-171
CLCN3,-607
MMP25,-447
CLIC1,-195
TRAPPC2,-373
AKAP9,-963
LSM1,-231
C9orf75,-715
CLIC2,-427
CLK1,-265
MBP,-435
SFRS6,-581
PRPF4,-203
PPIG,-565
GOLPH2,-257
UBL5,-565
CLK2,-551
CLK3,-551
C1orf63,-551
CLNS1A,-77
EPB41,-141
CLPS,-551
PNLIP,-551
LIPF,-551
CLTA,-539
HIP1R,-717
CLTB,-649
PQBP1,-113
TOM1,43
EPN1,-409
ARMCX3,-577
C10orf88,-577
CCR1,-709
CCL3L1,-363
CCL5,23
CCL8,-361
CCL14,-353
CCL15,1
CCL16,-325
CCL23,9
CCL2,-303
CCL11,-575
CCL13,-569
CCR3,-801
CCL24,91
CCL26,91
CCL28,-43
CCL17,-255
CCL22,-255
CCL4,-471
TXK,-495
CCR6,-373
DEFB4,-257
CCL20,-393
DEFB103A,-257
CCR7,-573
CCL19,65
CCL21,-365
CCR8,-471
CCL1,-279
CCBP2,-653
CCL25,65
CCL27,-275
LTB4R,-69
RDS,-627
CNGA1,-551
SLC24A1,-551
CNGA2,-523
TRIP13,-545
CIB1,-157
CNP,-463
CNR1,-739
HCRTR1,-47
CNR2,-69
CNTFR,-153
IL6R,-79
IL6ST,-287
LIFR,-625
CRLF1,-601
CLCF1,-601
CNTN1,-599
TNC,-319
SCNN1B,-261
CNTN2,-351
COL7A1,-493
FGF7,-533
MATN2,-773
MMP2,-599
DDR2,-221
P4HB,-287
PRELP,-807
SPARC,-567
TMPRSS6,-817
LUM,-403
COL5A3,-303
COL6A1,-425
COL9A2,-57
COL9A3,-467
COMP,-259
MAG,-599
MATN1,-527
LOXL4,9
HABP2,-333
OSM,-393
SERPINE2,-417
SAA1,-343
FAM46A,-389
ANTXR2,-281
USH2A,-353
COL4A3BP,-171
COL4A4,-565
RNF10,-405
COL5A1,-433
SDC3,-455
LAMB1,-359
COL6A2,-409
LAMA5,-313
FBXL2,-207
ZC3H7A,-217
SHKBP1,-217
COL8A1,139
COL8A2,-847
COL9A1,-155
HAP1,-383
FEZ1,-533
COL12A1,-329
COL13A1,-767
NID2,-433
LAD1,-105
PPL,-243
COMT,-341
ACE,-515
LITAF,-203
XRN2,-43
STX8,-245
KCNK3,-497
RGS4,-625
TAPBP,-155
RHOQ,-421
CELSR2,-485
KLF4,181
EHMT2,-605
APOM,-705
CORT,-829
GHSR,155
SSTR1,-53
SSTR2,-667
SSTR3,11
SSTR4,159
SSTR5,-125
MRGPRX2,185
COX6C,-229
FTL,153
GAST,-221
PROC,-365
CPB2,-49
THBD,-265
GCG,-345
PMCH,-345
ROBO2,-453
POLDIP2,-195
CLDN4,-671
TJP1,17
CLDN3,-799
CLDN5,-781
CLDN1,-533
CLDN7,-405
PEPP-2,-423
CPOX,-261
FUT4,-357
FCER2,-677
HNRPU,-319
IFNA1,-701
IFITM1,-771
CRABP1,-699
MPP3,-19
GLI2,-299
IPF1,-511
RPS6KA4,-473
FHL5,-279
HPS6,-691
MAPK8,47
MAPK13,-385
MAPKAPK5,-457
DDX5,-271
EBF,-261
EVI1,-167
HNF4A,-153
ONECUT1,-267
HOXB7,-259
IRF3,-255
MGMT,-301
CITED1,-575
MSX1,-377
NEUROG1,-249
NFATC2,-547
NFATC4,-329
NUP98,-263
PROX1,-411
RPS6KA1,-345
RPS6KA3,-169
STAT2,-329
TDG,-229
CART1,-397
MBD2,-287
TRIP4,-297
MAML1,-397
CITED2,-313
SS18L1,-315
HIPK2,-87
TRERF1,-329
SNIP1,-51
NFYC,177
MBTPS2,-5
TAF4,-235
CRH,-761
CRHR1,-75
CRHR2,-123
CRHBP,-17
UCN,-803
CRIP1,-323
GPRASP1,-221
CRIP2,-447
DOCK3,-333
EPHA3,-367
EPHB3,-369
PSMC6,-81
SHB,-291
WEE1,-721
IRS4,-63
MAP4K1,75
CBLC,-295
DPPA4,-477
SNIP,-421
DOK1,-503
IFNAR1,-439
DPYSL2,-191
FTH1,-605
HNRPH1,71
NDUFV2,-203
NVL,-199
PAFAH1B3,-641
PLA2G2A,-99
PSMD11,-585
RGL2,-193
MRPS12,-25
CCL18,51
SNRPG,-95
UBE2B,-79
FXR1,-37
DDX18,-439
MCM3AP,117
TFG,-97
AGR2,-265
HNRPUL1,-197
PMF1,-227
SEPHS1,19
PREI3,9
NAT9,-101
KLHL20,-175
ARFRP2,-387
LRRC1,27
BTBD2,-295
LSM2,-437
CDK5RAP3,-189
C9orf26,-199
CRX,-199
NRL,-627
ATXN7,-629
LOC130951,-647
PER1,-877
PER3,-551
PER2,-581
TIMELESS,-705
CRY2,-17
CRYAB,-685
CRYBB2,-683
CRYGC,-683
CRYZ,-33
CS,-407
LALBA,-113
MIP,-147
CRYBA2,-705
CALCOCO1,15
CRYBB1,-593
ABCC8,-197
MDH2,-443
DUSP1,-675
DUSP2,-469
DUSP4,-781
GMFB,-781
MARS,-581
MEF2C,9
MAP2K3,-213
MAP2K6,-163
PTPN7,-781
MAPKAPK3,-367
MKNK1,-457
SPAG9,-545
DYRK1B,-335
SCYE1,-469
MAPKAPK2,-427
STK39,-421
DUSP16,-669
RPL22,-455
KPNA6,-805
CSF1,-461
SOCS1,-43
GAB3,-117
SOCS3,-391
CSF2,-463
CSF2RA,-497
CSF2RB,-539
CSF3R,-197
KITLG,-479
IL3,-443
IL5RA,-195
CSF3,-657
CSH1,-273
CSH2,135
CSHL1,-549
MAML2,-549
IGF1R,-279
PTPN18,-715
SIT1,-73
CSN1S1,-839
STK4,11
TTBK1,-739
CSN2,-237
CSN3,-273
NEK1,-601
KPNA2,-7
CENTA1,-567
CSNK1D,65
DVL3,-509
ANKRD6,-691
RAD54B,-577
CSNK1G2,-639
FGF1,-419
GDNF,-273
BRF1,7
HNRPA2B1,-441
IRF2,-185
NCL,261
PAFAH1B1,-247
RPL5,-155
SPIB,-411
TOP1,169
FIBP,-279
KLF1,-341
ZHX1,-239
MTIF2,-645
SHMT1,-483
SHMT2,-645
MBD4,-549
CD163,-633
ZNHIT1,-645
GADD45GIP1,-557
CXCL10,-385
XCL1,-393
CSPG3,-247
MPDZ,-311
CSRP2,-777
PIAS1,-5
SLC25A10,15
TCTEL1,-397
MAPRE3,-263
CTSS,-387
PDZK3,-245
CST5,-291
CSTA,-217
CTSH,-513
CTSL,-183
CSTB,-295
CSTF3,-337
DDX1,69
ECH1,-311
SYMPK,-657
SUB1,-355
UBQLN1,-311
NKX2-5,-667
GATA4,-469
TBX5,-425
HIPK1,23
ELK3,-235
TGIF,-101
ZFPM2,15
FHL3,-557
TCF8,171
TEAD3,15
CBX4,-297
NOL4,-281
PSMF1,-109
RAI2,-165
KLF8,-41
BAZ2B,-123
SOX6,-123
ELAC2,-357
CTF1,-419
CTGF,-955
TGFB3,-387
VEGF,-795
TJP2,-759
FAM84B,-525
DSC3,-61
NR5A2,-185
NR5A1,-495
MUC1,-109
PKP2,-5
PTPRJ,-123
PTPRK,-133
PTPRZ1,5
TBL1X,-113
TCF7L2,-67
USP9X,-201
RUVBL1,-117
PTPRU,-263
APC2,-259
PGEA1,-251
FSCN2,-251
CTNNA3,-251
LEF1,25
CTNNBIP1,-57
TCF7L1,-251
FER,53
PTPRM,-289
ZBTB33,-233
SERPINA1,-889
SERPINF2,-415
SERPINB13,-195
CST7,-611
PSAP,-47
CTSE,-383
F2RL2,-113
GP1BA,-591
PPBP,-443
SDC1,-303
CTSK,-759
SERPINB3,-643
COL18A1,-551
SERPINB4,-291
CX3CR1,-551
CX3CL1,-551
CXADR,-171
CXorf2,-953
EPS8,179
CYB5,-833
CYP1A1,-109
CYB5R3,-829
SCD,-109
CYBA,-297
CYBB,-265
CYC1,-829
UQCRFS1,-109
CYP1A2,-343
POR,-417
CYP2C19,-343
CYP2C9,-343
CYP11A1,201
CYP11B2,-891
FDX1,-913
CYP11B1,105
CYP17A1,-343
CYP19A1,-345
DAB2IP,-411
C21orf106,-681
MIB1,-651
DACH1,-439
NAGK,-185
LAMA2,-787
RAPSN,245
UTRN,-739
LARGE,-855
DGKA,-423
IL21,-395
DAP,-299
DAPK1,-743
F2RL3,-417
DARS,-109
JTV1,-781
PAX3,-683
MCRS1,-137
DAZL,-311
DAZAP2,-509
PUM2,-545
DAZAP1,-479
DBC1,-549
SMPDL3A,-549
DBI,-857
PPCDC,121
DBN1,-91
HOMER2,-665
DNMBP,-447
NIPBL,-567
DBT,-421
MAZ,-77
SIAH2,109
NTN1,-227
DCK,-405
DDX19B,-287
MED19,-649
SFTPD,-263
DCTD,-459
NIF3L1,-213
NUDT18,19
C18orf9,-509
DCT,-113
DNCI1,-595
DNCI2,-765
KIF11,-765
RSN,-633
BICD2,-587
DCX,-391
DDB1,-585
DDB2,-365
VAMP3,-49
PPARA,-639
SPOP,-643
DHRS10,-457
C10orf119,-497
DDX3X,-9
FBL,-519
DDX17,-971
DDX6,-509
U2AF2,-387
TOP2A,-187
NXF1,-451
DDX11,-169
DES,-563
DMN,-423
DF,-91
DFFB,-673
TIMM8A,-215
STAM,-505
DFNA5,-229
FKBP1A,-577
DHPS,-765
EIF5A,-403
RPL9,-391
EIF5A2,-41
NQO1,-705
PKD2,-705
RHOD,-827
1-Sep,-361
6-Sep,-577
TOLLIP,-371
DIO2,-553
USP20,-285
USP33,-181
DKC1,-333
SSR1,-311
EIF3S5,-99
LYPLA2,-287
DLAT,-525
DLD,-399
PDHA1,-589
PDHB,-533
PDK1,-349
PDK2,-635
PDK3,-303
PDK4,-303
PDHX,-179
OGDH,-277
GUCY1A2,-241
KCNJ2,-235
KCNJ10,-241
ADAM17,-505
KCNAB1,-437
DLGAP2,-245
CRIPT,-607
GDA,-255
KIF1B,-207
KIF13B,-245
SEMA4C,-187
KIAA1446,-357
TJAP1,-479
GPR125,-479
KCNJ4,-565
LIN7A,-5
NLGN3,-197
GRIN2C,-175
GRIK1,-389
GRIK5,-99
GRIN2D,-147
HTR2A,-141
PTPRG,-155
FZD1,-155
FZD4,-155
CACNG2,-209
SEMA4F,-155
NLGN4X,-155
DLST,-607
NAP1L1,121
UMPS,-59
RUSC2,-117
SCFD1,-101
MGC2574,-117
DLX1,-431
DLX2,-303
DLX4,-605
DLX5,-643
SPEN,-401
DMBT1,-483
SFTPA1,-189
DTNA,-217
PGM5,75
SNTB1,-481
DGKZ,-351
PIN4,-697
SH3GL1,-557
CLIC3,-821
PACSIN3,-817
PACSIN1,-535
ASB13,-341
TIMM50,-677
DMPK,-233
HSPB2,-651
DMWD,-269
DNCH1,-353
DNCL2A,-719
DNCLI2,-379
BAT1,-257
EIF3S6IP,-255
MPP6,-231
ZA20D3,313
DNMT1,-3
DNMT3A,-339
DNMT3B,-447
RFP,-419
CBX1,7
MBD3,-845
DMAP1,-677
DNMT2,-359
DNMT3L,-349
CBX5,-587
DNTT,-393
ERBP,-87
PTDSR,-393
SH2D1A,-731
PTPRH,-281
RET,-107
DOM3Z,-361
EXOSC10,-235
EXOSC7,-201
EXOSC4,-85
DPEP1,-125
KIAA1279,-779
DPH1,-507
RBM8A,83
GRP,-203
CPAMD8,-37
DPT,-391
LOX,-493
DPYS,-365
DPYSL5,-539
DPYSL3,-365
DR1,-791
POLE3,-315
SLC26A3,-523
DRD1IP,-197
EPB41L1,-631
CLIC6,-741
DRD3,-159
DRD4,-9
GABRA1,-837
DRD5,-417
GABRG2,-589
DRG2,61
RWDD1,-849
DRP2,-559
PRX,-337
PDCD6IP,-77
WWP1,-447
WWP2,-343
ITCH,-467
DSC1,-221
DSG2,-265
PKP3,-653
DSC2,-265
DSG1,-219
PKP1,-225
KLK5,-489
DSG3,-133
TSC22D3,-467
HPCAL4,-425
PLEKHF2,-265
EVPL,-211
DTNB,-53
KIF5A,-1043
PPFIBP2,-891
HMG20A,-603
NUP62,-497
PRTFDC1,-407
C1orf182,-617
NRD1,-315
DTX1,35
MAPK12,25
DUSP3,-761
EGF,93
DUSP5,-783
DUSP6,-105
DUT,-613
PPARG,-777
SPATA2,-1
PPM1A,-467
USP13,-237
FRAT1,-389
HECW1,-365
VANGL2,-395
ZNF165,83
USP5,-561
PRPF3,-137
ZNF263,-671
RBPMS,-651
POLI,-71
SNF8,-825
BAHD1,-35
TCEB3B,-47
FLJ12529,-419
FLJ32855,127
C16orf48,61
C9orf100,-343
LOC90268,-687
TIFA,-173
DDI1,-685
HKR3,-215
LY6H,-211
PITX1,-147
CCNK,-23
ZNF408,-153
SNX22,-291
TNFAIP8L1,-291
DYRK1A,-307
TOR1A,-261
MNAT1,19
ARID4A,-31
BRD2,-435
SP2,-393
SP3,-9
SP4,-99
TFDP1,35
TFDP2,-499
TRRAP,-597
CUL1,-599
CTDP1,-687
TOPBP1,-517
TFE3,-5
SIN3B,-437
E2F5,-617
PCGF6,-43
EBI2,-1069
TIMP1,-101
ECHS1,-549
CBWD2,-549
EDA,-167
EDAR,-675
EDA2R,-669
HTR1A,-201
HTR1D,-135
EDG2,-193
EDG3,-329
EDNRA,-657
EDN3,-205
PHC1,-207
RPL7,-365
AFG3L2,23
SCMH1,-655
TMEM70,23
BSDC1,23
LMO3,-265
LAMA4,-295
MLLT3,-189
NEU1,-259
PLAUR,-203
POLE2,-307
PSG9,-253
PTPRCAP,-251
RAB27A,-363
RFC5,33
RPLP1,-73
SULT1E1,11
TAF9,-293
VARS,-259
ZNF259,113
PAPSS1,-201
MAD2L1BP,77
PHYHIP,-135
COX17,-203
DLEU1,-107
HBXIP,-575
SMA3,-249
MAGED2,-259
STMN2,-39
BRMS1,-7
LSM3,-331
MRPL42,-275
RSRC1,-337
ZCCHC10,-25
FLJ20487,-197
FLJ20625,-223
UBQLN4,109
XPO5,-321
TMPRSS3,47
MGC10471,-73
ORMDL3,-259
ANKRD24,-109
EEF1B2,-419
HARS,-609
ULK2,-255
GARS,-469
C10orf4,-469
FLJ23825,-497
EFNA1,13
FOXG1B,-3
ILF2,-441
MVD,-481
RPS28,157
SNRPD2,67
GSTO1,-327
TP53I3,-315
ABCC9,-477
TUBB3,-243
LARS,-483
FLJ10094,-351
WDR33,-325
CHFR,-191
CENTA2,-483
CBX8,-203
PLEKHA4,-247
NADK,-571
CRELD1,-19
FLJ13491,-401
PCNT1,-225
MGC15416,-515
PHACTR3,-483
EID-3,-483
LOC158345,-401
LOC196549,-483
LOC339448,-271
EEF2,69
TRPM7,-637
EPHA1,-641
EPHA4,-417
EPHA5,-657
EPHA7,-271
EFNA3,-579
EFNA4,-755
EFNA5,-787
EPHA8,-753
EFNB1,-119
RGS3,-77
SDCBP,-537
EFNB2,-257
EPHB4,-401
RHBDL2,-349
EFNB3,-639
ERBB3,-81
FGF5,-849
NRG1,-111
CELSR3,-639
SWAP70,-991
EREG,-105
GRB7,-11
GRB14,-215
KRT7,57
KRT17,173
PIK3C2B,89
PITPNA,-33
PRKAR1A,-287
PTK6,55
RGS16,-101
SOS2,-7
TGFA,-95
DOK2,-117
SH2D3A,59
EPPK1,-95
NAB1,-813
NAB2,-811
HCFC1,-113
EGR4,-155
EHHADH,-247
EIF1AX,-501
EIF5,-535
EIF3S8,53
EIF5B,-335
EIF2S1,-637
EIF2AK2,-125
EIF2B2,-611
MRPL4,39
EIF2S3,-131
METAP2,-629
TNFAIP1,-779
EIF4A1,-399
LPPR4,-91
UPF2,-507
EIF4E,-207
EIF3S10,-289
PABPC1,81
EIF4EBP1,-307
EIF4EBP2,-575
EIF4G2,-585
EIF4EBP3,-429
EIF4G3,-517
EIF4ENIF1,41
DERPC,-425
PDCD4,-759
EIF3S4,-1003
PI3,-593
SERPINB1,-75
SERPINE1,-883
SLPI,-205
ELAVL3,-171
ELAVL4,-171
ELF1,59
NFYB,-647
ELF3,-93
ELF5,-603
RPS15A,-171
STK16,-295
ELK4,-447
FBN2,-297
FCN1,-531
LGALS3,-85
LYZ,-245
SPINK1,-455
FKBP10,-455
EML1,-237
GRID2,-619
ISG20L2,-521
BANF1,-401
FATE1,-157
C10orf30,-861
ENO1,-407
ENSA,-749
HK1,-11
ST3GAL2,-151
RNUT1,-565
UBE2C,-407
IL17B,-17
C6orf47,-151
SIGIRR,-23
C16orf45,-151
KCTD15,-301
SLC29A1,-397
STK19,-499
ETS2,-315
GATA6,-713
ING1,147
NPAS2,-231
RAD23A,-55
RORA,-583
SS18,-631
TAL1,-433
TFAP2A,-81
TWIST1,-725
ZNF265,-597
TADA3L,179
CRI1,-629
ING4,-13
ING5,95
JMY,-715
CITED4,-695
GYPC,-885
NUMA1,-41
U2AF1,-49
CENPJ,-487
CENTG1,-399
FKBP2,-549
SLC4A2,-389
STX12,-117
PROCR,-333
PTOV1,-627
STOM,-465
RUFY2,-409
ARHGEF15,-723
PIK3CG,-643
RYK,-569
EPHX2,-489
NIPSNAP3A,-313
EPO,-477
SOCS2,-703
ATXN2L,-443
IARS,-213
DNALI1,-801
PLDN,-647
HOOK2,-443
MYO15A,-861
HRB,-191
HRBL,-675
LAPTM5,-229
REPS2,-147
NUMBL,-675
SNAP91,-779
STAM2,-149
EPN2,-423
SH3BP4,-675
CDC40,-677
STN2,-549
NR2F6,-227
NR2F2,-349
THRB,17
ANGPTL1,-765
TOB1,-9
PA2G4,-163
NRG2,-741
RASA4,-585
ODF2L,-341
FLYWCH1,-295
ERCC1,-199
ERCC4,-653
XPA,-665
UBL7,-317
ERCC5,-655
GTF2H2,-813
SQSTM1,-363
GTF2H3,-839
GTF2H4,-749
PSMC5,-419
ERCC6,39
NTHL1,-65
ERF,-361
ERG,-193
FLI1,57
ERH,-35
ERN1,-43
PSMB6,-517
NOP5/NOP58,-549
BLOC1S1,-139
MKNK2,-123
HRMT1L1,-91
HSPCB,-37
ISL1,-235
POU4F2,-237
JARID1A,-255
RFX4,-275
SMARCA2,-167
SMARCE1,-173
XBP1,-207
PRDM2,-145
EIF3S2,-169
RNPC2,-155
THRAP4,-111
PPARGC1A,-239
PHB2,-149
LOH3CR2A,-237
PNRC2,-575
REXO4,-237
POLR1B,-237
PPARGC1B,-253
OXT,-543
ESRRB,-369
ESRRG,-471
ETF1,45
KEAP1,-307
GSPT2,-705
ETFA,-551
ETFB,-551
GATA3,-409
SP100,-609
CDK10,-467
ZMYND11,-237
ETV1,-349
ETV6,-345
IVL,-715
KRT2A,-715
SPRR3,-715
FASN,-171
KEL,-171
MYO1F,-171
MVK,-171
MYL6,-303
NDUFB1,-359
NDUFV1,-171
NPPB,-157
POU4F1,-171
RPL31,-171
SALL2,-161
SLC1A1,-127
SNRPC,-171
VPS72,123
TULP2,-265
TMSB4Y,-171
MSC,-301
GNPDA1,-171
TSPAN3,-171
CFDP1,-143
LILRA3,-171
CPSF6,-131
HRB2,-171
WDR37,-171
SSBP2,-193
PGLS,41
C18orf10,-171
C10orf12,-191
MRPS18B,-171
ZDHHC3,-207
NLE1,-171
YY1AP1,-171
FLJ11088,-171
MNS1,-171
TRPV5,-171
C11orf16,-171
CD177,-173
GPBP1L1,-445
DMRTB1,-469
FLJ22318,-371
RASL11B,-171
MTMR9,-363
CUEDC2,-171
MGC2749,-419
SUV39H2,-369
NTNG2,-171
SELI,-171
C14orf32,-179
LOC138046,-45
RNF183,-219
C9orf65,-171
C1orf71,-171
KHDRBS2,-233
CCDC7,-171
MGC34821,-171
RAB37,-171
C1orf117,-233
NSUN4,-73
HCG3,-171
EXT1,-365
EXT2,-365
TRAP1,-403
GALNT5,-455
EYA1,-803
EYA2,-523
SIX4,-139
EYA3,-787
SIX5,59
EZH1,-281
PHF1,-275
RPN2,-809
SMS,-809
KLHDC2,-751
WSB2,-677
WDR61,-811
F9,-949
F11,-165
SERPIND1,-531
SERPINB6,-85
SERPINB8,-107
F2R,-445
FABP6,-211
F2RL1,-607
ST14,-233
JAM2,-759
JAM3,-751
F3,-439
F7,-75
F10,-13
EPR1,-435
LMAN1,-105
PHYH,-51
HIST1H1C,-705
MGST3,-705
PRKAB1,-573
TFPI,-227
TFPI2,-495
F13A1,-729
F13B,-77
FGG,-181
FAAH,-421
FABP4,-193
LIPE,-391
FABP1,-89
FABP3,-19
VPS28,-755
FABP5,-65
S100A7,-695
FANCE,-263
FANCF,-291
SMARCD3,-151
SNX5,-311
MCAM,-325
NPHP1,-503
LPXN,-751
EFS,-265
PITPNM2,-457
PITPNM3,-629
FALZ,-753
OLFM2,-123
GABPB2,-791
KRT19,-363
ZBED1,-595
USHBP1,-665
SAMD3,-345
FAP,-563
NOV,-791
MFAP5,-403
FARSLA,-113
HNRPR,-787
FAU,-181
BCAN,-359
MYOC,-759
SGTA,-127
C14orf135,-139
FCER1A,-15
MS4A2,-743
FCER1G,-747
IGHE,-775
GP6,-679
FCN2,-783
RUVBL2,-589
TMEM43,-655
SHPRH,-573
FDPS,-817
FDXR,169
HNRPA1,-535
TMF1,-795
IL4R,-425
RASA3,-223
FGFR4,-221
HSPA9B,99
S100A13,-37
FGFBP1,-255
GPC3,-323
PF4,-181
RPL6,-417
FGF3,-181
FGF6,-649
FGF8,-757
FGF9,-769
FGF10,-181
FGF12,29
MAPK8IP2,-815
FGF13,29
FRS3,-87
HBZ,-759
NDUFS6,-711
RPL8,-235
C1orf16,-759
FLJ10324,-129
RNF130,-765
GPSM3,-757
FLJ22624,-705
CENTD2,-311
CCDC17,-759
FGF19,-649
ICAM1,-385
SLAMF1,-475
FH,-303
FHIT,-287
FHL1,-137
IGFBP5,-151
ITGB6,-409
SFPQ,73
CARD8,-137
REV1L,-325
TSRC1,-311
MGC10433,-191
RFXDC1,-567
FIGF,-825
FLT4,9
FKBP4,-495
PPP3R1,-533
RYR3,-341
GLMN,-531
FKBP1B,-389
ARFGEF1,-45
FKBP3,-415
FKBP5,-497
HES1,-269
TLE3,-687
JARID1B,-647
FOXF2,-851
FOXE1,-413
PLCB3,-477
FKHL18,-253
G6PC,-465
HOXA5,-509
YWHAG,-479
GATA1,-635
LRRFIP1,-161
LRRFIP2,-161
OPTN,-365
FLNB,-595
GRIK3,-535
GRM8,-499
ITGB7,-733
VHL,-753
FBLIM1,-501
CMIP,-499
SIGLEC10,-499
KCND2,-417
SGCD,-513
SGCG,-513
PHLDB2,-513
FLT1,-213
PGF,-611
VEGFB,-655
SHC2,-723
FLT3LG,-873
VEGFC,-825
FMO4,-85
FMOD,-589
FMR1,-601
CYFIP1,7
NUFIP1,53
CYFIP2,-851
182-FIP,53
LTBP1,-815
MEP1B,-753
REG3A,-743
TAC1,-801
SCGB1A1,-757
MIA,-753
ITGA8,-657
LACRT,-771
FNTB,-273
FOLR1,-667
MITF,-525
SMARCD1,33
FXN,-523
PMPCB,-215
FRK,-327
GPHN,-533
raptor,-525
AVO3,-525
BRD7,-363
ELL3,-171
TAF10,-827
MAP3K12,-161
SOX9,29
FUCA1,-115
FUS,-277
ILF3,-247
YBX1,87
PTBP1,-233
SFRS2,-477
SFRS4,-149
SRRM1,-71
FUSIP1,-691
FY,-935
CXCL1,-155
IL8,-769
FYB,-677
VASP,135
SCAP1,-87
SCAP2,-681
IL7R,-655
NPHS1,-203
PTPRA,-33
SPN,-661
THY1,-645
TRPC6,-285
TUBA2,-317
TYRO3,-29
K-ALPHA-1,-245
CD226,-661
FNBP4,-357
TRPV4,-313
PTPN5,-575
GCN5L2,-223
HOXC4,-279
MRE11A,-411
NCF4,-381
NIT1,-327
POU2F2,-307
ABCD4,-183
TBCD,-169
TERT,-473
ILVBL,-437
KIAA0182,-251
SIRT1,167
C9orf46,-277
ACD,-345
GAL3ST4,-437
CDCA5,-437
GABBR1,-525
MARLIN1,-217
TDRD7,165
MAGEB18,-9
PRKCG,-287
GABRA4,-569
GABRB2,-719
ALS2CR3,-569
GABRD,-467
GAD1,-549
HAAO,-549
GAGE5,-551
GMCL1L,-551
GALR1,-425
GAL,-413
GALNS,-513
GALNT1,-733
GALNT2,-731
GALT,-151
PLCD1,-537
PRDX1,-329
PGK1,-855
PRKCI,-463
ATXN1,-835
GAS1,-401
DLK1,-413
MERTK,33
LMO2,103
GATA2,-551
POU1F1,-241
ZFPM1,-163
LMO1,-311
GBA,-731
GBE1,-55
PGD,-601
GBP2,-313
GBP3,-263
GCGR,-351
GLP1R,-641
GLP2R,-641
GCH1,-551
GCHFR,-551
GCK,-551
GCKR,-551
MAX,-203
PBX2,-431
TADA2L,-731
NR6A1,-253
GNB5,-239
RAP80,-443
GCNT1,-463
OPN1MW,-319
RANBP2,-371
GCSH,-475
TCAP,-781
FSTL3,-431
KIF22,-269
NDUFB9,29
PRKRA,-49
AOF2,69
CGI-116,-357
FXYD6,-207
C7orf19,-343
ADPGK,-245
GDI2,-777
RAB8A,-657
RAB2,-627
RAB4A,133
RAB11A,-167
GFRA1,-741
GFRA2,-413
GFAP,-551
MEN1,-131
SH3YL1,-281
MYO15B,-213
GFER,-659
BNIPL,-337
PIAS3,-161
NRTN,-749
GFRA3,-549
ARTN,-549
GH1,-697
GH2,-741
GHRH,-711
GHRHR,-97
GIF,-395
GJA5,-229
MAPK7,-335
C20orf4,-545
GJA8,-681
GJB1,-215
OCLN,-549
GJB3,-671
IGF2,-333
CIB2,-365
GLB1,-513
GLE1L,119
NUP155,-863
GLG1,-757
GLI1,35
ZIC1,-735
ZIC2,-735
STK36,-425
SUFU,-575
GLI3,-67
GLRA2,-431
PSD,-91
GPR108,-619
GLRB,-217
GLS,-783
GLRX,-511
GLUD2,-595
TOM1L1,-117
GLUL,-635
GM2A,-271
HEXA,-235
MTNR1A,-497
PTGIR,-259
TBXA2R,-459
GNB1,-329
RASA2,-305
TEC,-225
EDG6,-417
IL8RA,-689
OPRK1,-569
HRH4,151
GPR1,135
GPR40,-41
GPR143,145
RGS7,-331
RGS10,-39
RGS12,-735
EDG5,-329
RGS19,-495
RGS14,215
RASD1,-215
EDG8,111
RGS18,-717
NUCB1,-695
RGS5,-745
EDG7,-779
GPSM2,-617
P2RY12,-779
GPR43,-177
HTR1F,-111
SCN8A,-111
GRM2,-445
GRM4,-347
HTR2B,-347
HTR6,-341
PIK3CA,-523
PLCB2,-473
VIPR1,-685
GALR2,-347
PLCB1,-523
PTGDR,-159
SNX13,-159
RIC8B,-159
PLEKHB1,-189
RAP1GA1,-491
RGS20,-739
GNG7,-689
GNG10,-657
GNGT1,-499
GNB3,-407
ACP6,-207
KSR,-151
GNG11,-129
AMOTL2,-613
GNGT2,-215
GNRH1,61
GNRHR,-779
GOLGA2,-655
ABLIM1,-47
TRIM29,-563
RAB33B,47
ZNF594,49
MACF1,-439
NDUFA1,-709
SLC2A3,-709
VTI1B,-651
ACBD3,-565
GOT1,-551
TMPIT,-551
GOT2,-429
ZDHHC6,-295
ZFP36,-197
TRIM25,55
CHST1,-19
C9orf61,-33
KIAA0514,-323
PLK4,-3
CCAR1,-21
GP5,-203
OSGEP,-609
GP1BB,-513
GPC1,-393
SLIT1,-23
SLIT2,-23
GPD1,-229
MDH1,-743
CCR10,-531
XCR1,-373
XCL2,-257
GPR7,-369
CXCR3,-447
CXCL9,-267
CXCL11,-267
GPR10,-551
PRLH,-551
UTS2R,-551
UTS2,-551
GPR17,-539
GPR26,-707
GPR37,-805
PARK2,-77
MLNR,-99
TACR1,-221
GPS1,-543
FLJ20364,-413
C21orf7,-983
GPX7,-597
RAPGEF1,53
HNRPC,9
INPP5D,-171
MST1R,-59
OCRL,-3
PDE6G,43
PTPRE,77
SH3BP2,-141
LAT2,11
TP73L,179
SYNJ2,-11
USP8,-3
RALGPS1,95
SPRY1,-3
SIGLEC7,-87
NCKIPSD,61
LAX1,-3
REPS1,37
TNRC15,-527
PERQ1,-391
TNKS2,-93
GRIA4,-275
HOMER1,-223
GRIA2,-425
GRIA3,-595
PPM1G,-695
HK3,-405
HOXA1,-191
GRIK4,-685
MLF1,-229
GPAA1,-733
LRSAM1,-341
GRIN1,-533
INADL,-607
HOXB1,-269
IL1RN,-211
NR3C2,-351
PBX1,-355
PTMS,-375
SELENBP1,19
HSGT1,-317
GRM3,-249
TUBA8,-365
CXCL2,-71
CXCL3,-323
GRPR,-553
IFNG,-591
SLC12A3,-719
TAP1,-349
GSCL,-465
SNAI1,-775
DNM1L,-641
AKAP11,-591
FRAT2,-775
SGK3,-755
NIN,-773
UPF3A,-491
LIMK2,-577
CLIC5,-577
GSR,-47
GSTM1,-543
GSTM3,-507
GSTP1,-193
MSH6,-97
GTF2A2,-519
TBPL1,-401
ALF,-455
TAF6,-181
TCEA1,-25
SND1,-83
PSMC2,-591
CTDSP1,-293
PRRX1,-391
PRKG1,-755
USF1,-171
LSM8,-155
GTF3A,-431
GTF3C2,-327
C8orf30A,33
RBM23,3
PRPF38A,-307
GUCY1B3,-503
GUCA1B,-551
GUCY2F,-551
GUCY2D,-551
GUCA2A,-551
GUCY2C,-551
GUCA2B,-551
PDZK2,-551
GYG,-461
GYS1,-265
GYG2,-395
TRIM7,-355
GYPB,-253
RGS9,-551
GZMA,-741
H1F0,-845
RANBP5,-417
RAD51L1,13
IPO7,-579
NBN,-117
TP53BP1,-117
ALG9,-617
H2AFZ,-839
HIST1H2BD,81
HIST1H3A,81
HIST1H4A,-543
H3F3A,-715
H3F3B,-41
HIST1H1A,-253
NASP,-511
TARS,-151
HBB,97
HBA2,-549
HBG2,1
SELT,-827
PDCD2,-353
PSIP1,-263
MULK,-647
SH2D4A,-303
HCRT,-651
HCRTR2,-119
CD200,-551
HIP2,81
MAGEA3,-715
TPH1,-463
F8A1,-715
SAP30,-311
TCERG1,-479
HYPE,-717
ZDHHC17,-717
CXorf27,-717
HYPK,-717
HYPC,-717
HYPB,-715
HUS1,-297
MDS1,-365
NF1,-355
PEX14,-237
SALL1,-505
TPD52L1,-279
KLF11,-267
CDYL,-381
MORF4L2,-53
SAP18,-125
TXNIP,-605
BAZ2A,-365
PHF21A,-273
HIF1AN,-569
HR,-259
MIER1,-177
TGIF2,77
IFRD1,-577
CIR,-327
SNW1,147
HDAC10,-93
HOP,-529
HDLBP,-429
XPOT,-439
USP22,-949
TFR2,-329
HGF,-691
HGFAC,-219
CLEC3B,-89
SPINT1,-327
SPINT2,-261
HHEX,-233
PSMA7,-727
SSX4,-771
RPS10,13
HIVEP1,-13
HK2,-467
IGFBP4,-625
PGDS,-479
C7orf34,-523
KIR3DL2,-71
MAGEA4,-863
KIR3DL1,-361
KLRD1,-95
MAGEA1,-741
KIR2DL2,-195
KIR2DL3,-195
KIR2DS1,-195
TAP2,-201
HLA-DOA,-87
HLA-DRB1,-573
HLA-DOB,-241
HLA-DPB1,-439
INS,-479
HLA-DRB3,-91
HLA-DRB5,-307
POMC,-651
KLRC1,-491
KLRC2,-35
HLA-F,-493
HOXD9,-627
POU5F1,-797
RAG1,-735
POU3F1,-647
HMGN1,-513
HMGN2,-187
HMGCL,-611
MS4A7,-207
HMGCR,-543
INSIG1,-255
IRF1,-91
HMOX1,-465
FXYD3,-499
RPS6KA6,-521
ARHGEF10L,-91
HIST3H3,-383
FOXA2,-107
OTX2,-549
ZNHIT3,-409
NRBF2,-381
RPL21,-411
HNRPAB,-867
PHKB,-843
FLJ11016,-119
LDHA,-161
LSM5,-393
HNRPF,-235
KHSRP,-787
NCBP2,-735
RPS4X,-337
PCBP2,-255
QKI,-429
MATR3,-273
RBM7,69
KHDRBS3,-613
CNNM3,-11
NPDC1,-51
POU3F4,-431
ELL,51
TLX1,37
TLX2,-227
PKNOX1,-433
CHIC2,-249
TRAPPC6A,-19
HOXA7,-501
MEIS1,-393
HOXA9,-223
HOXA10,-499
HPCA,-969
HOXB6,-205
KRT15,-647
HOXB8,-377
MEIS2,-459
HOXB9,-117
BTG2,-725
SMAD6,-327
HOXD4,-945
HOXD10,-393
HOXD11,-501
HOXD12,-449
MAFF,-943
HPCAL1,-141
DTX2,-161
HPRT1,-513
IRAK2,-785
SHOC2,-239
RASSF1,-541
RASGRP4,-551
Rgr,-155
ERAS,-399
PIK3CD,-449
EPS15L1,-235
HRH1,-97
IL6,-655
HRC,-193
IDH3B,-777
SUPT5H,-537
HES6,-185
HSBP1,-355
HSF2,-257
DNAJB1,-491
TAF7,-437
HSF2BP,-485
DNAJB2,-431
MSR1,-707
SLC5A1,-707
IKBKG,-555
DNAJA3,-187
PDCD8,-205
BAG2,-465
HSPBP1,-181
HSPA1B,-283
DNAJC3,-627
MGC5352,-529
HSPA2,-387
HSPA4,-343
STMN1,-395
PCSK7,-515
EIF2AK3,-531
ERP29,-515
DNAJC10,-321
HSPA5BP1,-513
CCT3,-341
UBC,-191
PPA1,-67
POP7,-671
HSPB8,-743
HSPB3,-89
AHSA1,-505
TOMM34,-395
SMYD3,-241
HTR1B,-667
DNAJC7,-61
IAPP,-349
ITGAL,-257
MSN,-335
ICAM2,-613
CD209,-279
ICAM3,-501
ITGAD,-31
ICAM4,-647
IRF8,15
ID1,-297
ID3,-415
IGF1,-243
IDH1,-375
IDH3A,3
IDH3G,3
IDUA,-699
IFI16,51
IFI35,-11
SP110,-441
IFIT2,-103
IFIT3,-587
IFIT1,-685
EIF3S6,149
FLJ25393,-231
ISGF3G,-109
IFNA2,-413
IFNAR2,-319
IFNB1,-351
IFNW1,-349
IFNGR1,-381
IFNGR2,-519
IGBP1,-847
MID1,251
PPP4C,-355
PPP6C,127
MID2,-211
IGFALS,-385
IGFBP1,-711
IGFBP2,-711
IGFBP6,-711
IGFBP7,-795
PIK3R3,-299
EHD1,-433
PLAU,-577
CREG1,-403
M6PRBP1,-281
GGA1,121
PACS1,-95
KLKB1,-279
PAPPA2,-229
CYR61,-695
IGKC,-433
IGLC2,-851
IGHG4,-397
VPREB1,-549
VPREB3,-549
Cep72,-411
IGHMBP2,-601
RBPSUH,-321
IGLC1,-555
IHH,-233
PTCH,-697
PTCH2,-451
MAP3K13,-447
TANK,45
IL1A,-717
IL1RAP,-65
NFKBIE,119
IL1R2,-509
HAX1,-539
IL1R1,-405
MYD88,-195
IL18R1,-763
TNKS,-461
IL15,-775
IL15RA,-51
EIF3S9,-551
IL7,-401
IL9R,-105
IL13RA2,-257
IL13,-391
IL13RA1,-341
IL5,-419
LIF,-419
OSMR,-477
CRLF2,-639
TSLP,-353
CXCL6,-323
CXCL5,-61
IL9,-459
IL10RA,-447
IL10RB,-303
IL22,-463
IL28A,-245
IL28B,-245
IL29,-245
IL11,-369
IL11RA,-423
IL12B,-317
IL12RB1,-569
IL12RB2,-253
STAT4,-151
VCAM1,-107
KCND1,-265
KCNJ15,-293
PPP1R12B,-413
PPP1R12C,-263
TNFRSF9,-11
TNFSF9,-11
IL17,-549
IL17R,-549
IL18,-213
IL18RAP,-681
IL1RL2,-681
IL18BP,-681
LIMS1,-181
LIMS2,-459
PARVA,-465
IMPA2,-513
INDO,-231
PPP1R16A,-409
INHA,-309
CHRDL2,9
ACVR1C,-645
INPP1,-579
LIG1,-205
TXNL5,-301
SYTL4,-75
INPP5A,-513
SCAP,-523
INSL3,-551
LGR8,-551
INSM1,-567
INSRR,-235
ENPP1,-235
SOCS6,-501
SYNCRIP,-107
COPS7B,-871
SLC2A2,-707
NTRK3,-667
IRAK4,-763
RPSA,-7
IREB2,-739
IRF5,-409
IRF7,-409
SERPINB2,-221
PHIP,-535
LMX1A,-435
LHX3,-521
ISL2,-523
RABIF,-385
ANGPTL3,-541
ITGA9,-421
ITGAE,-503
ICAM5,-309
ITGB8,-455
LGALS8,-389
ITGA10,-635
TGOLN2,-237
ITGA11,-635
ITGB1BP2,-635
VNN2,-407
ESM1,-407
WFS1,-485
OFD1,-341
MRPS31,-485
OS9,-229
FLJ20534,-485
3-Sep,-493
UPF3B,-603
FUNDC2,-431
AKT1S1,-571
CENTB5,-475
LTBP3,-227
ITIH3,-387
PPIA,-183
ITM1,-455
CSDE1,-397
DKFZp762E1312,-395
ITM2C,-277
ITPK1,-9
ITPKB,-359
ITPR3,-605
TRPC4,-637
HOMER3,-595
AHCYL1,-637
BANK1,-643
ITPR2,-221
TRPC5,-673
TRPM2,-511
JAG2,-695
MDK,-531
SKB1,-463
IL21R,-435
PPP2R1B,-191
TIAF1,-293
SKI,13
TCF20,-207
DDX21,-103
BACH2,-115
RFWD2,25
KAL1,-125
NUP88,-325
KCNA1,-81
KCNE4,-609
LOC56901,-185
KCNB1,-613
KCNG1,-109
KCNS3,-109
SNAP25,-297
KCNIP1,-327
KCNE1,-497
KCNQ1,137
KCNF1,-705
KCNH1,-213
KCNH5,-705
ALG10,-313
KCNE2,-497
KCNJ1,-615
KCNJ8,-355
KCNJ11,-597
KCNJ3,-229
KCNQ4,-347
XK,-583
KIF3C,-435
KIF3A,-225
KIF5C,-543
KIR2DS2,-743
TYROBP,-75
KISS1,-549
GPR54,-549
KLK1,-377
SERPINA4,-497
KLRC3,-761
SRP19,-321
EDD1,-413
NUP153,-195
IPO8,-839
PLAG1,-13
RECQL,-767
SGK,-553
FAM50B,-173
KPNA4,-559
TNPO1,-435
RPS7,-393
NUP214,-57
PABPN1,-937
RANBP2L1,-307
RAG2,-315
RASGRP2,-81
RASSF5,-591
KRT14,-507
KRT6A,-219
KRT6B,-143
PNN,-569
KRTHB1,-229
PRPH,-23
USP2,59
C10orf10,-189
ARC,-95
ZNF638,55
TXNDC11,-95
WAC,-95
KRT20,-313
RCOR3,-263
KIAA1217,-315
NOC4L,-141
C14orf140,-21
MGC10854,-201
MGC12538,139
DGCR6L,-227
JM11,31
LOC112869,-487
RHPN1,-127
FLJ38984,-9
EXOC8,151
MGC27019,-105
C1orf65,-25
LOC284058,85
DNAJB6,-695
NME7,-465
LAG3,-771
CEBPZ,55
LAIR1,-485
TACSTD1,-269
SLC35E1,-527
LAMC1,-371
LU,-397
SV2A,-397
BTBD10,-695
LAMB2,-161
LAMP2,-259
RPS21,-113
LBR,-167
CBX3,-217
LCN1,153
LCN2,-63
LCP1,-23
GCA,-843
PRAM1,-709
LRPAP1,19
SNX17,-731
PRKAA2,-769
LFNG,-699
GEMIN4,-401
MUC16,-633
LGALS2,-45
LTA,-791
LIM2,-587
LGALS4,-117
KIAA1549,-639
NDP52,-651
LIG3,-279
NEIL1,-487
RNF12,-583
STAR,-153
NSFL1C,-661
LLGL1,-617
MCFD2,-665
TMPO,-283
ZNF239,-677
KIAA0133,-645
NARF,-677
LYL1,-335
NHLH1,-607
TAL2,-755
MAPRE2,-557
LMO7,-443
PHGDHL1,-341
LNPEP,-127
FHOD1,-461
LOR,-219
LOXL1,-357
FBLN5,-391
FLJ13855,-575
LPP,-795
C2orf28,-21
MMP13,-895
MMP15,-895
MMP16,-897
MMP17,-895
SCN3A,-895
GTPBP1,-895
RBP1,-603
SLC9A3,-603
EB-1,-629
LRP3,-557
LRP4,-271
DFNB31,-435
LRP6,-717
DKK1,15
DKK2,-1
LRP5,-243
SORT1,-515
SORL1,-483
LTA4H,-377
LTB,-809
TNFSF14,-683
TRAF4,-323
MUC7,-591
SFRS10,-607
C19orf10,-427
CD180,-551
LY86,-551
MME,-161
NMT1,-667
PDE4A,-667
UBB,-553
CD84,-105
CD244,-105
SLAMF7,-107
SLAMF6,-517
M6PR,-647
REN,-481
M11S1,-421
NBR1,-127
MYCL1,-341
MYCN,-277
CSPG6,-677
REV3L,-455
MAD1L1,-539
KNTC2,13
UBD,-439
MBD1,-11
NEDD9,-59
PSMB4,63
PSMD1,-293
SOX5,-47
ZNF8,-53
ZNF76,-293
MLL2,-145
PIGQ,-293
PUM1,-293
ZFHX1B,123
GMEB1,-69
ICK,-293
ZNF510,-293
MGA,-293
LEMD3,-145
HBP1,-293
BTBD15,-455
VPS24,-127
SMURF1,23
MKL2,-237
ANKRD27,-293
ZNF251,-293
CAMSAP1,-363
ZSCAN4,-145
PPP2R1A,-23
PSMD8,-47
RARB,-285
RPS14,-275
RPS27A,7
UBA52,-371
ZNF41,-269
CUL5,-267
FOXH1,129
STAG1,-47
ANAPC10,115
PAPOLA,-383
STRAP,127
BAZ1A,-47
PAXIP1,3
KIAA1033,-269
RANBP6,-269
ANAPC2,-269
DCUN1D1,-115
C1orf181,-269
TRIM62,-295
RNPC3,-269
GATAD2B,-269
RNF123,-47
FLJ23584,-267
ABTB1,-47
C14orf44,-267
PCDH1,189
PEX6,193
PLAGL1,185
RPLP0,-171
ZNF198,-155
KIAA0256,189
MLL4,189
EBI3,29
ST6GALNAC2,185
TMED1,185
PRDM4,185
MTF2,139
FBXL11,177
HEYL,57
CXXC5,105
RNF111,207
ZNF83,107
KIAA1522,185
C10orf54,35
SAP130,185
ZNF329,185
SVEP1,-9
PSG2,-431
RPL28,-507
TCTA,-431
TM9SF2,-431
GPNMB,-431
ODZ3,-431
DCP1A,-249
LOC58486,-431
FLJ13154,-431
STK11IP,-525
UHRF2,-431
DCP1B,-269
RBM4,-43
SNRPA,-159
PNKP,-179
MTMR10,-113
SOX7,-161
PPIL4,1
STAMBP,-485
SOX13,-381
ZBTB11,-381
ZNF588,-263
ASH1L,-381
MAN2B1,-173
MGAT1,-173
AFF1,-173
PHKA2,-173
PPP2R5E,-173
RRBP1,-325
SPTBN1,-169
UTX,89
PIR,-173
PABPC4,-191
ASH2L,175
TRIP12,-309
ZNF592,-173
KIAA0372,-173
CEP4,-173
MTMR11,-173
MAN1A2,-173
EXPH5,-173
METAP1,-173
KIAA0804,-173
ASB2,-173
TMEM57,-173
FLJ10808,-173
OTUB1,-173
SMAP-1,-173
PEO1,43
PNPLA2,71
MAN1C1,-173
ARID1B,-173
TINAGL1,-29
ARHGAP9,-109
SIL1,-173
FLJ13910,-173
SECISBP2,-173
ZNF557,-173
CHPF,-513
VCPIP1,-173
CLPB,-173
DIAPH3,-173
ZNF587,-173
EVC2,-173
FLJ32214,-173
NFE2,-313
NFE2L3,-539
MAP1B,-641
PLP1,-443
UQCRB,101
TRIM31,-11
FLJ20232,-45
SH3GLB2,257
RNF36,-395
TCEA2,-61
AKR1C3,-15
COX7A2L,-369
ARHGAP29,-275
WTAP,-335
COVA1,-329
PRDX3,-365
KIAA1049,-321
CLUAP1,-369
MR-1,-369
C1orf107,-369
TMEM29,-369
POLR1D,-335
NDUFAF1,-369
SNX7,-261
UBE2D4,-11
TRMT1,-369
CCDC14,-369
OTUB2,-369
ZNF655,-407
PRKRIP1,-327
MED28,-99
NDEL1,-447
MXD3,-369
BEX2,-187
TRIM51,-535
C20orf72,-369
PORIMIN,-369
SLIC1,-101
ACMSD,-369
ZSWIM2,-369
C18orf54,-369
MGC17403,-13
FLJ25369,-31
MAGEA12,-505
MAGEB4,-279
FTSJ3,-443
MAGOH,-593
MAN2C1,-477
MAP1LC3A,-545
ANP32A,-319
GAN,-83
MYO7A,-851
MARK4,-499
USP9Y,-119
OGT,-143
CPSF4,-213
NOL11,-215
VPS11,-423
ANKRD7,-215
LOC113174,-213
RARS,-125
PPM1F,-591
MAT2A,-551
MAT2B,-551
MATN3,-165
MATN4,-41
MNT,-427
MXI1,-567
TEAD1,-465
MXD4,-529
CHAF1A,-249
TLK2,-265
CRK7,-99
MASK,-107
BMP2K,-265
NEK9,-629
NPY,-163
MCM6,-729
RPA3,-355
ASK,-107
CPSF1,-147
IL1F5,-151
SCNM1,-215
ALS2CR11,83
MBIP,-197
SMCP,-171
ADAM11,-679
OTX1,-105
PVRL2,-161
RFX2,-207
SPG7,151
SLC35A2,-63
NR1H2,-39
ZBTB25,-47
ZNF136,-185
ZNF205,105
DXYS155E,-169
FZD9,-185
ATG12,-121
ZNF646,-133
ZBTB24,-185
KIAA0415,-185
FASTK,-47
PHLDA1,-237
WDR42A,-199
THEG,-185
FBXW5,-105
CPSF3L,-211
FLJ20850,-185
DDX19A,-259
TRPV6,-231
C9orf86,-127
AASDHPPT,-75
FLJ20859,-185
ZNF426,-51
FLJ22746,-159
BAALC,-185
THAP7,-15
ZNF559,-185
CBX2,59
ZNF607,-185
C18orf45,-185
ZNF439,-105
MGC13138,-151
ZNF101,-73
MFSD3,-177
DHRS1,-249
CATSPER1,-303
ZNF440,-97
ZNF417,-167
C6orf165,-265
FLJ35834,-185
C8orf48,-161
C20orf75,-185
FLJ36046,-93
ZNF679,-185
C12orf12,-249
ZNF707,-185
MGC42630,-93
MGC21881,-185
C10orf62,-237
C18orf56,-185
DNAJB9,-569
SLC16A8,-75
RFK,-75
PC,-303
WARS,-425
SDC4,-521
TGM1,-57
POLE,-567
UBE2D1,-641
ME2,-379
MECP2,-169
MEF2D,-99
MEF2B,-243
VGLL4,-719
SOX18,-717
TWIST2,-633
MEFV,-649
HOXB13,-501
MAP2K5,-43
RACGAP1,-319
MAP3K6,-511
MAP4K2,-11
RPH3AL,-357
RAB3IP,-11
MEOX1,-215
PAX1,-511
MEOX2,-259
VIP,-511
RND2,-601
SAMM50,-511
PTH,-313
PYY,167
METTL1,-551
WDR4,-551
MFAP4,-483
CLEC11A,-351
CUL7,-775
UBE1,-613
MGST2,-91
CIITA,-333
RFX5,-461
RFXANK,-461
CD99,-467
MICA,-551
KLRK1,-551
TFEB,-621
TFEC,-621
ZNF278,-435
MKI67,-315
NRBP,-395
MSH4,-85
PMS1,-249
PMS2,-249
EXO1,-3
ZC3H11A,-249
UBOX5,-249
MLH3,-249
FRMD6,25
KIF3B,-821
PLXNB1,-483
PPIE,-599
PVRL1,-205
RAP2A,-445
NRXN3,-267
PVRL3,-231
PIK3CB,-341
THBS2,-63
TIMP2,-5
TIMP3,-131
TIMP4,-165
BACE1,-59
MMP3,-653
MMP8,-487
RECK,-109
MMP10,-537
MMP11,-291
ADAMTS5,147
MOCS2,-551
MOCS3,-241
ABCF3,-561
MOS,-365
CD200R1,-423
MPG,-751
MPL,-245
THPO,-577
RPS2,-699
SCN2A2,-673
PLK2,-377
RAB31,-699
SF3B3,-587
IGSF4,-209
KBTBD4,-699
TRIM41,-273
B3GNTL1,-699
MGC16597,-611
LOC339231,-699
MOPT,-699
MPZ,-237
PINX1,-539
MRC1,-367
TFAP2C,-5
MSH3,-57
MSH5,-697
VBP1,-75
MSI1,-145
PNMA1,-585
MSMB,-91
HYAL2,-717
LHX2,-363
MT2A,-223
MTAP,-551
MYLIP,-551
MTF1,-57
MTHFR,-601
MTR,-379
PRC1,-193
DLG7,-9
APEX2,191
MUSK,-993
BTAF1,-769
ZNF622,-489
MYBPC2,-549
MYBPH,-549
MYBPC3,-777
TFAP2B,-749
SUPT3H,-809
MYCBP2,-809
YAF2,-399
TLR3,-651
MYH9,-27
MYL9,-709
MYH10,-69
MYH11,-235
MYL2,-221
NUDT21,-581
MYO5A,-59
MLPH,-271
MLC1SA,-609
MYO5B,-393
RAB11B,-79
RAB25,241
USH1C,51
CDH23,49
LRRC41,-201
PLA2G10,-151
OLFM3,-33
PSMD4,-299
HAND1,-431
PPP1CB,-525
MYT1,-767
SMYD1,-795
RBM30,-489
FSD1,-343
NAP1L2,-111
NARS,-457
HIST1H3G,-253
HIST1H3H,-253
HIST2H3C,-253
NBL1,-531
NUBP1,-727
ST8SIA2,67
RNF40,-121
TRIM9,-451
NCKAP1,-701
TBK1,-671
MINK1,-653
NPM1,-749
NUCB2,-727
NDUFA5,53
NDUFA6,-335
NDUFA7,-557
STARD9,-561
TMOD1,-367
NDUFB8,-493
EIF2B3,-499
NDUFV3,-575
SCNN1A,-181
SCNN1G,-257
UBE2E1,-897
N4BP3,-691
TMEPAI,-691
2-Sep,-157
5-Sep,-315
UCHL3,-133
UBE2M,-445
UBA2,-655
NYREN18,-211
NEFH,-667
NEFL,-759
CTNNAL1,-553
NEK2,-683
PPP1R2,-385
CEP2,-233
PPGB,-513
RREB1,-435
NEUROD2,-709
TARBP2,-189
NFATC1,-1
NFIB,-409
NFIC,-81
NFIX,-593
ZCCHC14,-619
ZNF167,-783
TKTL2,-621
MGC14817,-621
NYD-SP25,-621
NFRKB,-285
HMGA2,-267
G3BP2,-217
HBXAP,-281
NFKBIZ,-281
MTPN,-281
UNC5CL,-323
RELB,-289
NKRF,-289
RAB6IP2,-753
FBXW11,-469
SUMO4,-791
ZHX3,-179
CSDA,-139
ROR1,-119
SORCS3,-119
PRKACB,-921
RBM10,-321
NKX3-1,-633
NMB,-549
NMBR,-549
NME3,-431
NME4,153
RORB,-161
POLR1C,-805
NME2,-163
NQO2,-821
NOL1,-501
ZNRD1,-299
PSPC1,-307
PTPRN,-581
NOSTRIN,-255
CNOT2,65
CNOT3,-773
CNOT1,-771
CNOT4,-773
DLL4,-599
NPY1R,-403
NPY2R,-375
NPY5R,-559
NPFF,-559
DLL1,-241
NOTCH4,-589
NOVA1,-625
NPAT,-303
NPHP3,-203
INVS,-143
NPHP4,-203
NPHS2,-679
KIRREL,-633
NPPA,-491
NPR1,-213
NPR3,-603
NPR2,-15
LSM7,-235
PLCE1,-689
NRF1,-529
FLJ14768,-175
SFRS9,-465
CTCF,-793
STX4A,-593
GOSR1,-895
RUSC1,-561
NGFRAP1,41
ROR2,-605
NTSR2,-499
RAD21,-757
YEATS4,-637
ACTR1A,-729
TPR,-685
NUP133,-383
NR4A2,-129
RXRB,-699
SUCLG2,-945
OAT,-207
OAZ1,-549
ODC1,-549
GOLGA5,-389
ODF1,-595
ODF2,-263
SPAG4,-263
TNFRSF11B,-223
OPRL1,-91
PNOC,-581
OTC,-541
OVGP1,-261
STATH,-447
P4HA1,-421
TRG20,-851
DNAI1,-389
ACIN1,-659
ASF1A,-599
REXO1,-431
PLEKHM1,-171
SDCBP2,-431
CHMP7,-281
PRDX4,-467
SESN1,-383
ARHGEF7,-585
ARHGEF6,-483
ARPC1B,-629
PAK1IP1,-567
PAK3,-251
PAM,-551
KALRN,-551
PAMCI,-551
REG1A,-31
4-Sep,-807
RAD1,-645
UBE2L6,-927
PARN,-665
C21orf56,-71
WT1,129
PAX2,-847
SOX10,45
TLE4,-95
SOX2,-255
SOX3,-203
IPO13,-317
RAX,-203
PAX7,107
TCP1,-379
PAX9,-97
RPL4,-397
DCTN3,-409
RPS6KC1,-873
ZDHHC7,-409
MLKL,-409
FLJ37970,-409
PBX3,-551
AGTRAP,-551
PCBP1,-745
SEMG2,-611
KIAA0368,-129
TTC8,-127
POLH,-55
RFC2,-73
RFC3,-137
TCOF1,-97
UNG,-199
UNG2,-189
POLD3,-67
POLL,-381
DCC1,-97
KCTD13,-255
TUBGCP3,-533
PCOLCE,-421
PCSK2,29
SGNE1,-801
PCTK1,-345
PCTK2,-923
PCTK3,-159
PCYT1A,-399
PDCD1,-551
CD274,-551
PDCD1LG2,-551
PDE3B,-389
AKAP6,-421
PDE4DIP,-151
RAB13,-207
RAP2B,-283
RPGR,-205
RAB18,-561
C9orf25,-357
PDE9A,-291
TRIM32,-467
PHYHIPL,-509
PDAP1,-483
PDGFC,-303
PDHA2,-259
HIC2,-157
ISOC2,-419
CDAN1,-35
SLC17A1,-685
SLC22A4,-685
PDZK1IP1,-411
AKAP10,-479
SLC22A12,-685
PEG3,-809
PEX1,-857
PEX26,-391
PEX7,-619
PEX13,-513
PEX10,-591
PEX12,-325
PXMP3,-149
C20orf39,-375
PFDN5,-43
PFKFB2,-373
PFKL,71
ATP6V0A4,-331
PFKP,-379
HSPC065,-481
C16orf24,111
RNF146,-533
PGAM2,-113
NRP2,-159
NRP1,-183
PGM1,-733
PHEX,-549
FGF23,-549
C20orf27,-607
SERPINI1,75
SERPINI2,-467
PIGA,-517
PIGC,-387
PIGH,-517
PIK3C3,-717
PIK3R4,5
RALY,-707
TNPO2,-383
PIK3R5,-157
SEC14L2,-159
TIE1,-297
PIK4CB,-143
MPHOSPH1,-767
MTFR1,-767
RAI1,-767
DKFZp761I2123,-693
PITX2,-119
PROP1,-669
TNNI3,-447
PKM2,-199
EXOSC5,-523
PLA2G1B,-597
PLAA,-169
PLA2G4A,-335
PLA2G5,-393
SURF2,-581
TNK1,-503
ARIH1,39
AMOT,-71
KLK13,-411
PSMA5,117
PSMA6,11
PSMB1,-137
PSMB2,117
PSMB3,117
PSMB5,25
PSMB7,-235
NUDC,117
ASPM,117
PPAP2A,-3
FBXL12,-447
PPP1R3A,-955
PLP2,-175
DLGAP4,-667
TXNL2,-107
YIPF3,-273
IHPK2,-273
FLJ20433,-105
PLSCR3,-247
PLSCR4,-81
NTN4,-273
C20orf81,-273
EGFL9,-155
FBXL18,-65
MGC2560,-257
MGC21675,-273
NEU4,-257
MGC39821,-273
PLXNA2,-775
UBAP2L,-39
KIAA1199,-49
WDR56,-49
SEMA4B,-393
RND1,-393
PLXNB3,-463
PMAIP1,-625
SENP2,-467
PMM1,-833
EXOSC9,-719
EXOSC1,-203
RPE,-529
C14orf92,-1
C1D,-663
hfl-B5,-733
KIAA1008,-337
NOMO1,-525
TARDBP,-245
SCRIB,-529
USP21,-529
EPPB9,-529
H17,-529
PTGES2,-529
URP2,-549
HIATL1,-529
PRPF4B,-441
SRRM2,37
C6orf111,-245
SNCB,-205
HELB,-655
LSM6,-549
POLDIP3,-275
POLG,-327
SSBP1,-421
POLR2F,-175
ZNF74,-207
SURB7,-587
OIP106,-477
FLJ31528,-175
UBE2W,-755
C19orf2,-531
POLR2G,-397
POLR2J,-459
AATF,-145
POLR2L,-231
POLRMT,-551
TFB1M,-551
TFB2M,-551
NR1I2,-79
NR1I3,-159
POU2AF1,-427
SLC22A1,-215
SLC22A2,-199
SNAPC4,-689
POU3F2,-685
SOX11,-151
POU3F3,-515
WIPI49,-699
NR1H3,-473
PRIC285,-61
STAC3,-607
BRD8,-385
CUGBP1,-625
COPS7A,-583
DKFZp564J157,-39
PRL,-571
PPID,-77
KIAA1026,-567
PPOX,-269
PPP1R10,-715
STAU,-715
TUSC3,-715
ZFYVE16,-589
KIAA0649,-715
MPHOSPH10,-715
PPP1R13L,27
ANKRD15,-713
PLCL2,-715
PPP1R13B,-715
TOR1AIP1,-715
SYTL2,-467
CASC5,-715
KIAA1571,-715
C1orf114,-715
NOM1,-715
PPP1R3B,-715
C12orf22,-715
KIF18A,-715
PPP1R15B,-715
SPRED1,-715
PPP1CC,-579
PPP1R3D,-249
PPP1R7,-91
PPP2R2A,-855
PPP2R5B,-709
ISYNA1,-835
MRPS26,-835
PPP2CB,-733
PPP2R5C,-455
VMD2,-671
PPP2R5D,-379
PPFIA1,-455
MGC17624,-287
PPP4R1,-545
PPP4R2,-545
PPP3CB,-379
PPP3CC,-451
PRIM1,-239
MRPL38,-519
PRIM2A,-271
STK11,-5
PRKAG1,-149
PRKAG2,-149
PRKAB2,-701
PKIA,-669
AKAP14,-845
PKIB,101
PRKAR1B,-357
PRKX,-505
AKAP4,-495
ARFGEF2,-389
MGC13057,-489
AKAP12,-609
AKAP3,-439
NBEA,-69
MYCBPAP,-449
PALM2-AKAP2,-475
PRKAR2B,-421
C3orf15,-405
SEMG1,-609
TEP1,127
SDPR,-645
MAPK6,-463
PRKCBP1,-599
RIPK4,-427
ADAM9,-371
ARHGAP26,-969
ARHGAP10,-711
MAP3K2,-441
GANAB,-511
FEZ2,-477
AKT3,-549
KIBRA,-161
DCLRE1C,-681
PTPRR,-653
RPS6KA2,-657
IER3,-667
TNIP1,-523
TH,-621
IL27RA,-385
SH3BP5,-921
MAPK11,-339
XPNPEP1,-717
SF3B4,-491
XPO7,-933
KIAA1712,-863
WDR62,-211
PEBP4,-345
ZAK,-545
PRKRIR,-735
STIP1,-643
PSPN,-549
GFRA4,-549
HESX1,-257
PRPS1,-685
PRPSAP1,-425
PRPS2,-343
PRPSAP2,-461
FLJ35220,-297
PRRG2,9
TST,-607
SPINK5,-607
PRSS2,-445
RELN,-73
PRSS7,-399
PRSS8,-263
HTRA1,-309
KLK10,-237
CELSR1,-731
GMFG,-655
RAB40C,-601
RPL10,-407
YME1L1,-355
APH1A,-29
METTL2,-157
PSENEN,-29
APH1B,-29
PSG1,-399
PSG3,-459
PSG5,-291
MGC4707,-553
PSMB10,-361
SNRPB,-201
SNRPF,-107
STX11,-479
PSMC1,-157
DCP2,-263
PSMB8,-391
PSMB9,-491
PSMD2,-245
PSMD5,-873
PSMD7,-537
PSMC4,-719
TXNRD2,-499
TNNT1,-143
PSMD9,-557
UBLCP1,-311
RASSF8,-609
UBQLN2,-291
UCHL5,-677
PSME2,-747
PTAFR,-97
SMO,-233
DHH,-233
PTGDS,-551
PTGFR,-551
SAC,-735
PTHR2,-421
RB1CC1,-647
DDEF1,-213
MICAL1,-77
TAC3,-91
MKKS,-229
TBRG4,-229
SUPT7L,-229
GLYAT,-211
WFDC2,-229
SPIN,-229
DUSP12,119
PLXNB2,-229
ITSN2,-385
GIPC2,-275
SLC25A36,-229
SAS10,-213
APOBEC3G,-229
MGC5306,-245
HSPBAP1,-229
C9orf82,-37
FLJ13391,-63
NAP1L5,-143
PTPN2,-199
PTPN3,-181
ZZEF1,-305
PILRA,-485
CLEC4A,-601
C6orf25,-485
SIGLEC11,-485
BTLA,-485
TREML1,-483
PTPN9,-15
RTN3,-691
MPZL1,-273
STX16,-637
RBM19,-597
TEX10,-597
ZFP2,-597
THAP2,-597
IFT20,-707
RAPGEF6,-455
PTPRD,-437
PPFIA2,-357
PPFIA3,-353
SPTBN4,-261
PTPRN2,35
CKAP5,-823
MAP1LC3B,-149
PVR,-769
PWP2H,-595
PEX3,-479
PEX11B,-479
PEX11A,-479
PEX16,-479
SLC25A17,-479
TMEM66,-271
RPL3,-225
RPL13,-421
RPL15,-181
RPL17,-403
RPL19,-421
RPL26,-439
RPL27,-421
RPL38,-419
RPLP2,-457
RPS6,-199
RPS23,-421
RPS24,9
RPS27,-419
TM7SF2,-421
RPL14,-535
RPL23,-393
G3BP,79
AASS,-421
COG5,-419
ARID3B,-205
CKAP4,-29
TUBG2,-421
DCTN4,-421
FLJ11292,-421
DNAH3,-421
NALP12,-421
KIAA1893,-421
LIP8,-421
ZFYVE27,-421
LOC146053,-421
URB,-421
TUBB,-421
DDO,-39
SIRT3,-135
PCYT2,-551
FLJ13798,-551
PYGM,67
DUSP11,-799
CPNE3,-867
SYT5,-147
ZNF593,-187
MICAL-L1,-187
MGC39520,-277
RAP1B,-659
RAB3IL1,-833
RABGGTB,-191
RIMS1,-165
DMXL2,-191
SYTL5,-347
SOD2,-79
RABGEF1,-225
DNCLI1,-659
RAB11FIP1,-741
EEA1,-453
ALS2CL,-711
RAB5B,-697
KIF20A,-781
UNC13D,-331
RAB27B,-655
PTP4A2,-531
KAT3,-333
RAB15,-333
RAB5C,-95
HSPC121,-239
ARHGAP15,-239
SMARCA5,-283
STAG2,-105
RPN1,-499
RAD54L,-809
RAD51AP1,-809
DMC1,-575
RAD51C,-707
XRCC3,33
XRCC2,33
RAD52,-843
PEX5L,-117
SPRY4,-153
SEC6L1,-471
CNKSR2,-207
SEC3L1,-207
SEC5L1,-471
RANGAP1,-83
NUTF2,-279
NELF,-411
RANGNRF,-323
IPO11,289
OPN1LW,-319
RKHD3,-399
ZNF451,-399
RBP2,-125
NR2E3,-207
IRX4,-125
RARG,-163
AURKB,-447
RASGRF1,-201
RBBP5,-327
SNAPC1,-333
SNAPC3,-327
ENC1,-327
TRIP11,-327
THOC1,-327
RBBP9,-351
MORF4L1,-327
BDP1,-327
RBBP6,-729
USP4,-513
BRF2,-731
RBM3,-45
RBMS2,-551
FAM69B,-551
RBMY1A1,-241
LRAT,-597
RCN2,-393
RDH5,-649
RGR,-125
RLBP1,-155
ROM1,-119
REG1B,-393
ETHE1,-129
RNF25,-433
RENBP,-35
ATP6AP2,-271
KIAA0460,-495
HSPC152,-495
PLEKHB2,-55
NADSYN1,-109
ACSS2,-495
GNPTG,-495
REST,-53
RCOR1,-701
MAD2L2,-491
TCEAL1,-535
BRD4,-357
MCOLN1,-383
RFX3,-9
RFXAP,-297
RGS1,-301
SCN5A,-617
NIPSNAP1,-705
VPS29,-45
WDR74,-643
LRFN1,-643
RIT2,-113
RLF,-557
RLN2,-551
LGR7,-551
RNASE1,-559
RNASEL,-549
ABCE1,-549
RNF2,-155
TRPS1,-465
RNF5,89
RNPEP,-863
PPP1R1B,-267
RP9,-701
RPGRIP1,-657
RPA4,-65
ZNF7,-793
RPL7A,-501
GK001,-595
NUDT3,-579
DUSP23,-565
C10orf97,-565
RPS3,-367
SORBS2,-483
LOC124402,-409
RPL12,-101
RPL36,-183
RPL24,-601
FLJ20366,-567
RPL35A,-289
RPL37A,-237
FLJ12949,-569
BRP44,-635
DKFZP434H132,-635
ANKRD13B,-635
MRPL12,-551
TMEM51,-551
DPF1,-147
KIAA0087,51
C20orf31,-515
C3orf6,-515
TOB2,-387
COASY,-511
RPS9,-137
RPS13,115
RPS15,-197
RPS20,-71
RPS25,-173
RPS26,-549
RP1-112K5.2,-549
MASA,-331
FLJ10081,-801
RRM1,-185
RRM2,59
RRM2B,59
TAX1BP3,-815
UGCG,241
DKFZP566M1046,-111
RNF8,-41
JMJD1C,-385
S100A4,-53
CACYBP,-809
S100A9,-717
PDCD11,-717
RAB17,-621
KLC2,-717
PLA2G4C,-527
SAA4,-551
NUDT9P1,-551
TAF15,-57
B4GALT3,-439
ABCB8,-443
TP53AP1,-443
LOC51204,-443
FLJ10661,-443
RBM17,-443
SAT2,-443
C18orf37,-443
MTA2,-441
SBF1,-645
MTMR2,-265
USP7,185
SCN4B,-141
SCN4A,-421
SCNN1D,-475
ACAA2,-247
SCT,35
DDX39,-615
CCRL1,-429
CCR9,-859
SOX4,-249
HSPC049,-739
SEC13L1,-253
WDR44,-631
LZTR2,-673
SELPLG,-551
TPST1,-551
SEMA3F,-265
TMEM22,-469
TAF1A,25
SETBP1,123
HN1,-745
SFRP1,-175
WNT1,-645
WNT2,-603
FZD6,-603
WNT4,-603
SRPK2,-217
U2AF1L2,-329
SIP1,-509
SFRS2IP,-365
SFRS11,-403
SFRS5,-663
IGSF2,-431
CDC2L6,-739
HNRNPG-T,-209
SFTPA2,-409
MYO18A,-661
SYT4,-547
F11R,-599
SPPL2A,-577
C1QTNF1,-599
ZG16,-599
SCAMP1,-353
EGFL6,-37
DPYSL4,-333
RER1,-199
SNX24,-289
QTRT1,-481
Bles03,-297
SHCBP1,-59
SYP,-809
EIF3S1,-439
ZBTB5,-105
SCAMP2,-675
SIPA1,-727
NR4A3,-681
SPARCL1,-443
ZMYM5,-511
ZNF482,-435
ASCC3,-451
DHX30,-443
SASH1,-443
LRRC54,-443
USP25,-443
PYCR2,-443
C12orf10,-443
ZFP106,-443
MORC4,-443
ZBTB3,-443
PLCD3,-443
THAP5,-443
WDR1,-427
PMPCA,-513
FBXO7,-153
FBXW2,-153
FBXL3,-153
FBXL5,-153
FBXL4,-153
FBXO6,-153
FBXO4,-153
FBXO34,-153
CDCA3,33
FBXO18,-495
FBXO32,-153
ARL6IP5,-675
SLC1A4,-525
ERVWE1,-303
SLC1A5,-541
SLC1A6,-75
SLC7A5,-357
SLC7A7,-357
SLC4A1AP,-719
SLC6A1,-269
SLC6A3,-495
SLC6A9,-271
CHP,-673
TSC,-389
SLC9A5,-193
SLC12A2,-383
WNK4,45
SLC12A4,-263
SLC34A1,-523
SLC25A1,-113
SMARCA1,-93
TACC2,-847
SMARCD2,-223
LSM4,-329
GEMIN5,-653
NOLA1,-797
GEMIN7,-345
LENG8,-483
LSM11,-583
SMN2,-673
SNRPB2,-31
SNRPD1,-499
SNRPD3,-181
SNRPE,-71
DDX20,-627
SUMO3,-291
SENP3,-285
TRIM63,-117
SN,-77
SYBL1,-21
VAMP8,29
STXBP6,-345
LOC112476,-463
SYT9,-421
SNAPC2,-791
FLJ13111,-887
MGC2803,-655
SNRPA1,-729
GEMIN6,-799
TACC1,-901
DDIT4L,-681
GLS2,-609
VPS35,-47
MAST2,-587
SON,-299
KLF10,-55
SF3A1,-383
POGZ,-123
RNASEN,-55
CTNNBL1,-719
SPRR2C,-529
PTP4A1,-237
TSSC4,-507
SPTBN2,-437
UNC13B,-351
SH3MD1,-153
MKL1,-447
MYOCD,-447
NKX2-3,-447
SRP9,-715
SRP14,-15
SRP54,-409
SRP68,-349
SRPR,-683
SSR2,-47
TRIM21,-489
SSFA2,-523
SSR3,-477
SSR4,-419
SST,-825
SSX2,-609
MLLT10,-141
CCHCR1,-403
MGC11102,-55
NDUFA13,-87
STCH,-495
SULT2B1,-691
STIM1,-565
STIM2,-291
UBE2N,-591
TPX2,-89
STRN,-263
STXBP2,-57
VAMP1,-65
VAMP2,-109
NAPA,-617
CPLX2,-269
CPLX1,-341
STXBP5,-65
TXLNB,-219
TXLNA,-219
STX3A,-45
STXBP3,-103
VAMP4,-77
SEC22L1,-879
GOSR2,-941
DOC2B,-717
DOC2A,-717
ALS2CR12,9
SURF5,-589
VAPB,-743
VAPA,-743
TRPC3,-277
STX7,-213
SYN3,-663
SYN2,-145
SV2B,-361
TACR2,-371
TACR3,-371
FLJ10357,-235
TAC4,-519
TAF2,-611
TAF12,-561
TAF11,-551
TAF13,-551
TNFRSF11A,-17
LUZP5,-377
TALDO1,-601
CNTNAP2,-375
DEXI,-471
TBCE,-531
TAF1C,3
TAF1B,3
TAF7L,-789
TAF1L,-789
WDR47,-553
CAMKV,-811
TCEB1,5
TCEB2,5
ASB8,-667
TCEB3,-173
TFPT,-157
PTF1A,-465
C2orf3,-83
ZNF354A,-379
MLX,-545
GABARAPL2,-215
TRBC1,-425
TDO2,-549
ASMTL,-549
VGLL1,-641
TEAD4,-159
ANGPT4,-709
POT1,-357
TINF2,-357
RIC8A,-173
C17orf31,-353
TESK1,-451
TFAM,-551
HIST1H2AC,-167
BCL11A,-569
BCL11B,-569
TFF1,-467
HFE2,-771
LTBP4,-545
SLITL2,-589
TGM3,-655
CALML5,-115
CORO1A,-249
THBS3,-539
THOP1,-813
OASL,-391
TIA1,-599
PAX8,-391
CLDN2,-99
GJA7,-671
CGN,-741
UTY,-177
TNRC4,-163
ZFP64,-45
TPMT,-83
NET1,-99
BASP1,-83
VAT1,-83
ADAM28,-83
FRMPD1,-83
CAND2,-83
KIAA0423,-45
KIAA0746,91
CLASP1,-83
HSPC117,-45
ZFR,-83
RG9MTD1,-83
THSD1,-83
FLJ13769,-83
ZNF618,-83
LAMR1P15,-83
TLOC1,-209
SEC63,-483
TLR1,-595
TLR6,-661
LY96,-595
TSPAN7,-549
FYTTD1,-549
TAX1BP1,-525
TNIP2,-643
PIP5K2B,-811
MADD,-667
RIPK3,85
HIVEP3,-11
TNNC1,-173
TNNT2,-173
TNNI1,-231
PLEKHF1,-549
ZMYND19,-781
TNNT3,-441
TOPORS,81
TDP1,-695
UBE2A,-31
ZNF148,51
CDC14B,51
CDC14A,47
CRSP6,51
PARC,49
GNL3,53
SCOTIN,53
WWOX,51
TP53INP1,35
THAP8,55
MYCPBP,-45
TPBG,-261
TPD52,-567
MAL2,-567
GPR135,-519
LIPT1,-597
TPM4,-651
TAB3,-133
TNFRSF18,-9
TNFRSF12A,-9
TNFRSF19,-49
TNFSF4,-11
TNFRSF4,-9
SPHK1,-9
MALT1,-29
SOX30,35
FBXO28,-11
MIZF,-7
TAOK3,-11
USP53,-11
BANP,-11
FLJ10707,47
TRPT1,-9
LZTS2,-99
KIAA1838,-9
LOC116349,-85
TRAF3IP1,-101
IRAK3,-669
ZRANB1,-669
IL17RB,-669
ZA20D1,-915
HNRPA0,-387
PDLIM4,-581
EDG4,-619
NUP210,-621
TSN,-199
TSNAX,-553
C10orf3,-719
VPS37B,-823
VPS37A,-823
TSNAXIP1,-199
PBXIP1,-179
MRFAP1L1,-423
TSPYL1,-359
TTC3,-263
TTF1,-141
PTRF,-733
MYOM1,-777
MYOM2,-777
ANKRD1,-665
FLJ44216,-531
RNF19,-199
TUFT1,-551
TFIP11,-551
HIRIP3,-385
HIRIP5,-181
HIST1H2BK,107
TXNRD1,-115
NCR2,-743
SIRPB1,-743
CLEC5A,-743
TREM2,-743
TYRP1,-261
SF3B1,-263
TMCC2,-77
UBE1L,-551
G1P2,-551
RAD18,-735
UBR2,-627
RNF126,-599
TRIM39,-481
PJA2,-517
CBWD5,177
UBE2E2,-697
UBE2H,-219
NUDCD3,-287
CHMP4B,-321
C18orf25,-287
RNF144,-61
UBE2V2,-429
Kua-UEV,-119
BPY2,-851
SENP6,-811
MGC33948,-811
UCP2,-467
UCP3,-467
UGT8,-713
UGDH,-205
AK5,-581
UGP2,-705
PPM1D,-443
UPP1,-219
UQCRC1,-549
UQCRC2,-219
GFM1,-491
AOC3,-169
SLC16A5,-113
DDX46,-113
HNRPDL,-113
HRMT1L3,-113
CORO2B,-161
LRRN5,-113
WDTC1,-111
MORC1,-113
LAP3,-113
C14orf166,-213
KIAA1797,-113
PRO1855,-113
IKIP,-113
MGC42174,145
LETM2,-113
FAM18B2,-113
SELS,21
VDAC3,-339
ZNF197,-265
RNF139,-435
PHF17,-35
VIL1,-229
SCYL3,-217
TRIOBP,-219
OSBP2,-219
BRD1,-9
MMRP19,-785
MRPL44,-43
CDK2AP2,-199
WBSCR1,-463
WNT5A,-457
FZD5,-511
WNT7A,-571
WRNIP1,-843
RDM1,-843
ATF6,-529
XAB1,-93
NXF3,-361
HOM-TES-103,-513
TESK2,-389
KIF1C,-373
MONDOA,-389
EPB41L3,-541
KLC3,-227
ADAM23,-513
ADAM22,-621
DBNL,-725
FCRL3,-575
ZFPL1,-575
ZNF10,-395
ZNF11B,-359
ZNF20,-369
ZNF174,-523
SCAND1,-573
ZNF434,-581
ZNF446,-515
ZNF31,-213
ZNF45,-91
DPM1,-641
FCHO1,-641
FLJ20397,-597
FLJ20647,-641
FLJ10916,-643
LYAR,-547
Cep70,-181
LMTK3,-641
MGC45871,-491
FLJ30707,-865
ZNF193,-213
ZNF202,-521
ZNF473,-239
ZA20D2,-109
ZNF232,-213
ZP3,-549
FLJ21865,-549
NEBL,-319
HERC1,-567
EPN3,-567
TOM1L2,-569
RNF168,-569
KIRREL3,-93
PXDN,-407
MALL,-337
SEMA3B,-699
SEMA3A,-693
RAB7,-37
RILP,-805
SLBP,-785
THEX1,9
TTC10,-477
P4HA2,-477
PPAP2C,-251
IQCG,-393
BAT4,-231
DNAJC14,-535
HNRPLL,-535
SPAG7,-189
NIFIE14,-143
PILRB,-189
GPRC5C,-189
C1orf160,-7
RDBP,-137
LST1,-645
KIAA1333,-111
EPM2A,-551
EPM2AIP1,-551
FZD3,-261
FLJ11305,-115
ST7,-343
NXF2,-631
NUP107,-557
SLB,-331
LDHD,-497
ALX4,-841
HIST3H2A,-621
VPS4A,-185
SF3A2,-741
SF3A3,-125
RETN,-43
EAF2,-735
CLPP,-551
CLPX,-551
C21orf33,-181
CLTCL1,-601
USP11,-329
PTBP2,-143
ARID1A,-93
DYRK2,51
PADI4,-353
ACOX3,-753
WNT3A,-461
FZD7,-467
FZD8,-495
HIST2H2AC,-563
HIST1H2BN,-373
NME5,-833
MGC16186,61
DYDC1,63
CADPS,-467
PLA2R1,-651
LRPPRC,-459
CECR2,-537
RAB22A,-39
ANXA9,-611
STX6,9
VPS18,-457
BBOX1,-629
STK24,-551
PDCD10,-551
GNPAT,-497
AGPS,-203
CUL4B,-549
CAND1,-549
CUL4A,-267
CUL2,-277
TACC3,-297
KIF4A,-319
TEAD2,-301
CHRAC1,-577
PHC3,-455
FKBP6,-635
FLJ20130,-575
RAE1,-339
SEMA7A,-549
PLXNC1,-549
PPFIBP1,-263
CAST1,-507
RASGRP1,-295
SNTG1,-295
DGKD,-403
DGKH,-245
CAMK1,-347
LDB1,-611
LDB2,-403
SEC24D,-403
PITPNB,-403
C1orf19,-601
ZNF675,-403
SIRT2,-603
DENR,-549
MCTS1,-549
EXOSC2,-639
EXOSC3,-443
TBR1,-433
RPH3A,-433
CASKIN1,-433
TSPYL2,-433
AKR7A2,-549
AKR7A3,-549
RPIA,-361
OSTM1,-227
KLF7,-549
FBXO38,-549
POLR3F,-169
CARHSP1,-679
C1orf94,-219
CDC2L5,-291
UNC5C,-645
EIF4E2,-327
DCHS1,-91
CHRD,-327
LNX2,-183
TRIM8,-785
SHRM,-379
TNKS1BP1,-665
FLJ11506,-481
EIF3S7,-673
EIF3S3,-13
SNX3,-323
TAF6L,-323
SLC38A2,-323
PANK4,-597
C6orf199,-597
MARCO,-551
SCGB3A1,-551
SCGB3A2,-551
CDC23,121
B3GALT4,-359
SNAPC5,-117
TNFRSF25,-787
CEP1,-779
TNFRSF21,-779
TNFSF12,-785
TNFSF15,-133
NCOA6IP,-281
C20orf6,-661
RNMT,-551
RNGTT,-551
MYH13,-403
TRIM38,-853
AGGF1,-229
TNFRSF10D,-397
SNX9,-793
RAB11FIP5,-605
RAB11FIP4,-155
CARD15,-801
CARD6,-665
SCGN,-69
NAPG,-579
PLEKHA1,-347
SIGLEC5,-151
TNFSF18,-779
SCEL,-103
TRIM33,-443
IL1F7,-197
KCNRG,-821
MPP5,-739
GTF2IRD1,-415
PRAME,-397
SSBP4,-131
C10orf7,-159
GABARAPL1,-199
C14orf139,-411
NUDT5,-809
MGC13379,-809
ENY2,-809
EIF2B4,-793
EIF2B5,-793
KARCA1,-97
PROCA1,-97
ARID2,-97
INCA1,-97
CCDC22,-373
SGCE,-705
CARD10,-727
CARD9,-157
CARD14,-307
C9orf89,-727
CARD11,-727
HERC2,-519
BSN,-241
GATAD2A,-507
RAB7L1,-403
TRIM55,-489
PLOD3,-195
NY-REN-7,-477
GENX-3414,-263
DKFZP564B147,-745
LIMD1,-201
ETNK2,-251
PDCD7,-221
TIMM17A,-353
GLTSCR2,-359
ZNF691,-359
DDX49,-359
MRPS9,-705
C8orf33,-497
MAP7,-469
PARK7,-237
NAV2,-993
CLDN12,-573
LOC84661,-1053
BPY2IP1,177
ZNF297,-799
RNF34,-495
CYB561D2,-287
RIPX,-287
FKBPL,-287
C1orf165,-689
USP10,-773
MTMR4,-201
EMILIN1,-335
HHLA3,-143
HDDC3,-143
PGS1,-459
STK35,-447
SMC1L2,-161
PPIH,-541
GTPBP3,-545
HUNK,-151
CRSP9,-117
EXOC7,35
AD023,-217
GKAP1,-555
C1orf190,-575
WDR68,-451
RNF32,-133
IL1RL1,-859
ZW10,-551
KNTC1,-551
SEDLP,-33
C20orf28,-351
GPSM1,-187
CGI-37,-33
SNF1LK,67
POLR1A,-379
LENG1,-145
PNMA6A,-145
MGC5356,-65
DKFZp761E198,-77
ARPC5,-227
STK17B,-193
PSCD3,-559
PSCDBP,-515
ARFRP1,-515
ATP6V1F,-413
C5orf13,-557
SEC24A,-151
DDAH2,-151
SMUG1,-87
PTD012,-149
PLAC8,-151
CYB5R2,-151
AMSH-LP,-151
KIAA1609,-151
SEMA4G,-151
MAWBP,-151
HDHD3,-151
KRTAP3-2,-249
ARL11,-151
GLYCTK,-151
BTG3,-773
SNAP29,-331
EFTUD2,-511
PRPF8,-497
SLC22A6,-325
CPNE6,-205
RAB33A,-155
RABEPK,-157
ADIPOQ,-287
ADIPOR2,-391
SPG20,-733
KIAA0692,-215
SUMF2,-431
SCYL2,-863
CHD6,-863
RHOT2,-863
COX5A,-367
NRXN1,-551
SIPA1L1,-551
NRXN2,-339
GRHPR,-391
COG1,-453
COG4,-331
COG3,-359
LIPG,-265
WDR39,-347
FAM96B,-423
FAM96A,-423
MTSS1,-531
DDX42,-531
LOC221442,-531
RECQL4,-49
ZBTB7B,-643
IMP3,-65
THRAP1,-147
KIAA0826,-201
C1orf116,-557
DNAL4,-521
SMCR7,-611
TBX4,-309
SIRT7,-605
XAGE2,-41
NT5C2,-621
LCMT1,-701
C1orf149,-111
KCTD4,-701
SPTLC2,-549
SPTLC1,-549
ARL10C,-541
NR1D1,-255
BRE,-549
HSPC142,-549
NR1D2,-255
BCKDK,-407
TBC1D8,-407
SH2D3C,-571
RGS6,-705
SEC24C,-499
SEC23B,-379
SEC23A,-355
USP18,-551
Magmas,-229
SMEK2,-229
IKBKE,-821
FLJ13305,-159
KIAA0103,-551
COX4NB,-551
C14orf122,-551
RAPGEF4,-727
RAB3C,-735
DHX34,-271
LAPTM4A,-575
CENTB1,-305
KIAA0738,-451
DDX48,-549
C3orf19,-549
KIAA0232,-207
DHX38,-125
SPCS2,-551
STMN3,-551
C17orf42,-551
MAGED4,-575
C1orf156,-575
C14orf150,-619
MGC21688,-575
UBADC1,-159
RBM9,-163
DKFZP761H1710,-311
MGC20410,-311
ZFAND2B,-311
TOMM22,-541
IHPK1,-599
NUPL1,-213
KIAA0555,-165
ELMO1,-367
ZNF518,-263
TRIM16,-367
SLC38A3,-367
TRBV2,-209
SITPEC,-299
C11orf1,-367
FCHSD2,-149
FLJ25770,-1011
TLK1,-107
KIAA0683,-357
RGMA,-619
KIAA0672,23
KIAA0020,5
FLJ10292,-149
THOC4,-457
THOC2,-475
THOC3,-475
REC8L1,-625
DGCR2,-753
ZC3H12A,-825
SRA1,-187
CHMP4A,-777
CHMP4C,-659
HEBP2,-505
PDPN,-595
UBXD2,-595
RAP140,-595
CWF19L1,-595
SMC4L1,-551
SMC2L1,-551
SAE1,-15
KATNAL1,-607
C21orf6,-131
KIAA1107,-211
USH1G,-651
ARPC4,-99
ARPC2,-371
ARPC5L,-679
OTUD5,-467
WASF3,-25
RAB6B,39
ADAM29,-471
C20orf3,-261
RBM5,-237
MDS028,-611
SEZ6,-611
RASGEF1C,-611
WDR25,69
IMP4,9
ARHGAP18,-671
FLJ11710,-549
NLGN2,-199
EIF1,-677
CIP29,-173
SSX3,-519
KLRG1,-549
LEPROTL1,-549
FLJ21103,-745
CPNE7,-143
C20orf35,-143
PCGF1,-141
TP53RK,-143
ARHGEF9,-215
GABARAPL3,-215
RPP30,139
RPP38,-77
RPP40,-71
RPP25,-77
L3MBTL2,-875
SF3B2,-123
RAMP2,-589
ADM2,-137
BET1,-113
SMNDC1,-555
ASCC3L1,-455
KATNB1,-549
KATNA1,-549
CXorf53,-603
ZNFN1A2,-613
AKR1A1,-683
NPM3,-413
KLF2,-359
MRPL28,-575
KIAA1543,-575
C14orf147,-575
MGC7036,-101
RAPGEF3,-683
WBP2,101
WBP1,-237
PTD004,-95
LOC147791,-705
SEC24B,-435
NAT6,-101
FLJ20551,-553
XAB2,-283
INHBE,-675
C10orf45,-951
ATP5H,-341
NXT1,-487
NXT2,-433
NXF5,-471
CAP2,-291
SYT2,-725
STK25,-551
SYT11,-325
RRS1,-325
CHMP5,-325
C1orf166,-325
WNT5B,-325
WDR24,-325
ZCCHC12,-327
LOC220686,-327
C6orf102,-327
EID3,-327
DEAF1,-563
DKFZP586J0619,-295
LOC51059,-357
CIAPIN1,-641
MARCKSL1,-535
ANP32B,-567
ARL6,-245
POP4,-845
POP1,-691
RPP14,-589
SNX15,-161
RAB4B,-37
CABC1,-39
SLU7,-231
PPIL3,-497
SIVA,-629
NPC2,-551
DHDDS,-551
SEMA6A,-583
IFITM2,-339
POMT1,-551
POMT2,-551
MTHFS,-243
PAIP1,-691
TCP10L,-303
RRAGA,-5
NOL8,-697
RRAGD,-693
RRAGC,-5
TNFRSF13C,67
CSPG5,-495
KIAA0774,-699
STAG3,-625
SGTB,-449
TRA2A,5
POP5,-221
NEK6,-249
RAB10,-319
PDE10A,-551
WDR3,-551
SRCAP,-551
ATG9A,-551
RP11-529I10.4,-161
ACTL7A,-505
SLC12A9,-523
FIP1L1,-523
TXNL4A,-551
RHEBL1,-551
EDARADD,-71
KLF12,-41
KIAA0515,-41
HSPA14,-49
PLEKHC1,-283
WIPI-2,-385
FLJ22386,-271
STK40,-285
LYPLA3,-393
STMN4,-403
TSPYL4,-229
DUSP13,-231
SYT17,-211
C21orf91,-231
FLJ20291,-231
C10orf18,-249
CHCHD3,-127
C6orf166,-167
MOBK1B,-229
LOC55565,-229
C17orf40,-235
FLJ13149,-231
ZNFN1A5,-195
GCC1,-221
KIAA1539,-231
MGC11257,-231
C19orf25,-105
TTC14,-231
MGC39633,-229
MGC23401,-229
CCDC11,-225
FAM13C1,-231
C1orf111,-231
IL24,-551
IL20RA,-551
RABL4,-549
C1orf41,-549
FLJ21945,-285
STRBP,-91
ZC3H10,-253
TICAM1,-843
CUTC,-413
PCF11,-617
FLJ20125,-619
ARMC7,-333
BAMBI,-785
WDR5,-531
C9orf9,-257
hCAP-D3,-49
TRAPPC4,-49
PHF23,-377
FLJ34283,-49
CIT,-241
EMILIN2,-551
SFRS16,-565
MAPKAP1,-683
IL1RAPL1,-143
HRASLS3,-469
RABL2B,-423
MGC14126,-445
HYLS1,-327
C6orf203,-851
WDR6,-493
CDC42EP4,-183
NUDT10,-195
FLJ10159,-617
MUS81,-367
TSSK1,-367
EIF2C2,-167
MBD6,-885
VPS25,-419
KLHL2,-339
MGAT4B,-373
ATG4B,-533
KIAA0907,-509
MKRN1,-197
BCL2L13,-545
HCNGP,-119
C9orf78,-91
IQWD1,-91
COG2,-453
TIPARP,-639
LOH12CR1,-443
LPHN1,-637
ZHX2,-519
AD-003,-391
ULBP3,-551
LPHN2,-425
KREMEN1,-717
MOBKL2B,-97
GPKOW,-173
CLEC1B,-173
SH3BP5L,-173
DCTN5,-173
NURIT,-567
FLJ11078,-173
Cep152,-245
RAB26,-565
FBXO21,-455
CNTNAP4,-575
MEGF10,-577
UNC13A,-245
JMJD2B,19
MAST3,-455
DDX56,-487
ZNF335,-853
CINP,-423
KIAA0261,-223
PEG10,-159
KIAA0543,-551
KIAA1043,-551
ATXN7L1,-551
KIAA0157,-753
SKIP,-203
PLEKHM2,-551
SLC39A1,-551
MLC1,-525
DSCAML1,-73
ANKRD28,-159
PRPF19,-673
FLJ11806,-441
RTN4IP1,-649
CSTF2T,-469
EHBP1,-841
ICOSLG,-551
ICOS,-551
TRIM2,-593
MRPL10,43
RBAF600,-291
TLN2,-655
DICER1,-677
EIF2C1,-7
PIWIL2,-7
COMMD3,-705
NCLN,-241
GRIP1,-441
SF3B14,-617
MGC3121,-69
QPRT,-51
C7orf25,-83
SEC11L1,-207
FLJ12688,-245
KIAA0240,-259
CACHD1,-575
SKIV2L2,-45
RPL13A,-559
TNPO3,-753
HIST4H4,-447
ALG2,-91
ZNF334,-545
TMEM50A,-551
FLJ10925,-551
TSSK2,-551
TSKS,-551
FLJ10404,-687
GNL3L,-687
ZNF253,-687
AEBP2,-541
RCD-8,-503
TSGA10,-165
MGC4266,-165
D4S234E,-745
AIPL1,-557
PISD,-409
DHX29,-439
LOC221955,-387
IFIT5,-435
RAB3GAP2,-29
ZNF580,-103
PLEKHA5,-435
LOC201895,-437
TNFAIP8,-339
PRDX5,-285
COG7,-453
THAP4,-867
KIDINS220,-861
EGLN2,-763
YIPF4,-427
ABI3BP,-217
DKFZP564J0123,-391
THUMPD3,-601
PTPN23,-339
ARID4B,-519
DKFZp566O084,-23
C14orf11,-219
FAM32A,-13
NOB1P,-199
DIP13B,-817
HPCL2,5
C21orf77,-125
ZNF670,-125
ENAH,-505
NOC2L,-237
LHX4,-369
PITPNC1,-551
OPTC,-347
C18orf24,-115
VPS33B,-549
C14orf133,-549
ZNF313,-205
NUCKS1,-205
C7orf26,-205
TRIM46,-205
DELGEF,-257
HSPB7,-11
TIMM10,-549
TIMM9,-549
RGS17,-503
BSCL2,-551
TMEM19,-551
MDS032,-551
NID67,-551
ELP4,-801
GAGE8,-551
HAVCR1,-551
SEMA4A,-551
PAIP2,-691
TRIAD3,-519
C1orf124,-519
LOC133957,-519
ZBTB32,-565
STAU2,-413
VPS41,-159
TRAPPC3,-745
HSPC176,-151
PS1D,-263
C1orf35,107
DKK3,-91
SYCP3,-625
NDOR1,-833
C20orf77,-589
OBFC1,-589
SDSL,-589
FLJ20254,-391
FLJ14668,-391
LSM10,-433
LOC90799,-433
ZNF330,-591
MAGEH1,-1025
TMEM9,-109
PHPT1,-595
CIAS1,-649
CXorf26,-501
FLJ23342,-571
GTPBP7,-571
RBM15B,-91
GMPPB,-551
GMPPA,-551
PKN3,-99
SERTAD3,-113
C15orf15,-405
IL19,-551
SERTAD1,-633
KLHDC5,-23
DPP7,-223
PRO1580,-469
SAMSN1,-389
LRRN6A,-69
SLC40A1,-589
IL20,-551
IL22RA2,-233
CGI-121,-577
ZNF499,-285
CDK5RAP1,-99
IER3IP1,-551
ANKRD34,-551
TRIM17,-413
KCTD3,-601
SDF4,-159
PLCD4,-1021
ZNF219,-219
FLJ20449,-605
TRIT1,-793
MGC40107,-623
LOC51252,-373
PIPOX,-471
TEX27,-589
B3GNT4,-589
C20orf98,-567
ACTR3B,-421
CTPS2,-629
ERAF,-415
ARL6IP4,-503
HOOK1,-547
ZMYND10,-243
ACTL6B,-551
C16orf49,-551
POLK,-423
RNF138,-461
FRMD5,-91
CSRP2BP,-531
Cep63,-505
CPSF2,-227
NAG,-677
PIGT,-157
KIFC2,-341
HMP19,-207
STX18,-611
HCFC1R1,-611
NKAP,-359
Pfs2,-551
SLD5,-551
RCN3,-287
MID1IP1,-219
GLIS3,-219
FAM63A,-601
COL23A1,-601
IL28RA,-601
CYB5R1,-833
FLJ11193,-129
HIGD1B,-629
ZNF567,-473
JMJD1B,-159
C15orf25,-597
MYO3A,-629
RBM11,-565
SPATA20,-223
LOC90113,-223
C9orf16,-459
LRRC8D,-685
FLJ20297,-685
FAHD1,-685
DDIT4,-237
MGC11266,25
LOC85865,-91
ECAT11,-159
GRIPAP1,-415
TRPM6,-31
FLJ20259,-263
ANKHD1,-629
TTC19,-149
FLJ20345,-339
ADPRHL2,-91
COMMD8,-521
ICF45,-551
ELMOD1,-551
ZNF435,-157
TNFSF5IP1,-207
FLJ20643,-243
C14orf119,-487
XTP3TPA,-451
TMEM39B,-549
NAGS,-549
PB1,-159
FLJ10786,-551
FLJ32658,-551
ASXL2,-291
C6orf167,-557
KIAA1875,-557
IL17E,-167
ZCCHC8,-291
RNF128,-601
MTMR8,-433
DOCK10,-331
FMNL3,-291
FMNL2,-291
SDK1,-289
DDX27,-181
LUC7L,-775
C12orf11,-463
KIAA1632,-263
SUSD1,-263
MGC3207,-263
MRPS6,-97
BOC,-237
ALS2CR8,-475
KIAA1166,-455
F25965,-227
COL20A1,-227
HYI,-229
ZNF414,-229
C10orf82,-229
UBTD1,-413
TMEM9B,-339
THAP10,-227
ZNF558,-265
FAM86A,-315
TMEM16H,-551
C1orf128,-617
PARP11,-223
LOXL3,-447
TRIM54,-441
KIAA1191,-587
ZNF287,-321
S100A14,-551
S100A16,-551
WDR18,-385
C9orf88,-159
IGSF9,-565
SH3MD2,-391
RANBP10,-259
KIAA1679,-577
ZNF410,-629
SRPRB,-435
FAM60A,-223
RLN3,-551
ZNF585B,-589
FLJ12716,-91
ARL6IP2,-503
ABCG5,-549
ABCG8,-549
CDH24,-285
FLJ90586,-753
CUEDC1,-753
NAG6,-591
YIPF2,-549
YIPF6,-549
MGC4504,-565
C1orf89,-551
FLJ22688,-551
VTCN1,-269
RWDD4A,-333
LRRC18,-333
ZCCHC7,-633
C6orf113,-671
EVI5L,-833
FLJ22028,-551
RP11-311P8.3,-551
DRF1,-1
EME1,-559
FLJ32734,-243
MFRP,-549
C1QTNF5,-549
FAM76B,-1
C19orf32,-799
WBSCR18,-27
FAM46B,-567
FAM46D,-567
PHACS,-901
NEK7,-271
ZFP276,-331
FOXP2,-549
FOXP4,-549
LOC284352,89
APOA1BP,-91
TEX9,-497
C14orf48,-761
